,
Company,Market Cap (Cr)
Reliance Industries Ltd.,"19,12,544"
HDFC Bank Ltd.,"12,13,504"
Bharti Airtel Ltd.,"10,69,379"
State Bank of India,"9,98,845"
ICICI Bank Ltd.,"9,07,602"
Tata Consultancy Services Ltd.,"8,59,477"
Bajaj Finance Ltd.,"5,14,599"
Infosys Ltd.,"5,03,274"
Larsen & Toubro Ltd.,"4,93,596"
Life Insurance Corporation of India,"4,91,136"
Hindustan Unilever Ltd.,"4,89,514"
Sun Pharmaceutical Industries Ltd.,"4,23,483"
Maruti Suzuki India Ltd.,"3,98,380"
Mahindra & Mahindra Ltd.,"3,81,452"
Axis Bank Ltd.,"3,80,230"
ITC Ltd.,"3,79,949"
NTPC Ltd.,"3,71,140"
Kotak Mahindra Bank Ltd.,"3,66,875"
Titan Company Ltd.,"3,65,226"
HCL Technologies Ltd.,"3,63,305"
Oil And Natural Gas Corporation Ltd.,"3,42,309"
UltraTech Cement Ltd.,"3,20,935"
Bharat Electronics Ltd.,"3,19,072"
Adani Power Ltd.,"2,97,929"
Adani Ports & Special Economic Zone Ltd.,"2,96,933"
Coal India Ltd.,"2,89,802"
JSW Steel Ltd.,"2,84,920"
Power Grid Corporation of India Ltd.,"2,81,390"
Bajaj Finserv Ltd.,"2,75,519"
Vedanta Ltd.,"2,67,040"
Hindustan Aeronautics Ltd.,"2,58,455"
Bajaj Auto Ltd.,"2,52,331"
Avenue Supermarts Ltd.,"2,48,053"
Tata Steel Ltd.,"2,47,449"
Adani Enterprises Ltd.,"2,47,262"
Nestle India Ltd.,"2,28,544"
Eternal Ltd.,"2,24,178"
Hindustan Zinc Ltd.,"2,19,717"
Asian Paints Ltd.,"2,12,127"
Indian Oil Corporation Ltd.,"2,08,429"
Hindalco Industries Ltd.,"2,01,745"
Wipro Ltd.,"1,99,253"
SBI Life Insurance Company Ltd.,"1,90,628"
Eicher Motors Ltd.,"1,88,163"
Grasim Industries Ltd.,"1,79,072"
Shriram Finance Ltd.,"1,77,300"
TVS Motor Company Ltd.,"1,65,506"
InterGlobe Aviation Ltd.,"1,62,648"
Divi's Laboratories Ltd.,"1,61,139"
Hyundai Motor India Ltd.,"1,59,209"
Tata Motors Ltd.,"1,54,529"
Jio Financial Services Ltd.,"1,54,508"
Adani Green Energy Ltd.,"1,46,030"
Bank of Baroda,"1,45,186"
Torrent Pharmaceuticals Ltd.,"1,43,426"
Power Finance Corporation Ltd.,"1,41,360"
ICICI Prudential Asset Management Company Ltd.,"1,40,572"
DLF Ltd.,"1,37,603"
Varun Beverages Ltd.,"1,37,550"
Britannia Industries Ltd.,"1,37,415"
HDFC Life Insurance Company Ltd.,"1,36,459"
Union Bank of India,"1,36,184"
Pidilite Industries Ltd.,"1,35,882"
Tech Mahindra Ltd.,"1,35,267"
ABB India Ltd.,"1,34,848"
Tata Capital Ltd.,"1,34,775"
Tata Power Company Ltd.,"1,32,718"
Muthoot Finance Ltd.,"1,31,782"
Punjab National Bank,"1,30,100"
Cummins India Ltd.,"1,28,305"
Bharat Petroleum Corporation Ltd.,"1,27,465"
Canara Bank,"1,26,381"
Indian Railway Finance Corporation Ltd.,"1,26,307"
Trent Ltd.,"1,25,896"
Adani Energy Solutions Ltd.,"1,24,669"
Cholamandalam Investment & Finance Company Ltd.,"1,22,737"
Solar Industries India Ltd.,"1,20,741"
Samvardhana Motherson International Ltd.,"1,20,701"
LTIMindtree Ltd.,"1,20,522"
Indian Bank,"1,20,452"
Jindal Steel Ltd.,"1,19,677"
Tata Motors Passenger Vehicles Ltd.,"1,15,884"
BSE Ltd.,"1,15,743"
Indus Towers Ltd.,"1,15,209"
Hitachi Energy India Ltd.,"1,13,526"
Siemens Ltd.,"1,11,964"
CG Power and Industrial Solutions Ltd.,"1,10,276"
Polycab India Ltd.,"1,09,601"
Bajaj Holdings & Investment Ltd.,"1,08,433"
Dr. Reddy's Laboratories Ltd.,"1,08,363"
Hero MotoCorp Ltd.,"1,05,827"
Godrej Consumer Products Ltd.,"1,05,353"
LG Electronics India Ltd.,"1,04,938"
Lupin Ltd.,"1,04,805"
Apollo Hospitals Enterprise Ltd.,"1,04,711"
Ambuja Cements Ltd.,"1,04,558"
HDFC Asset Management Company Ltd.,"1,04,118"
Tata Consumer Products Ltd.,"1,03,835"
Cipla Ltd.,"1,01,651"
Ashok Leyland Ltd.,"1,00,666"
Siemens Energy India Ltd.,"1,00,191"
Billionbrains Garage Ventures Ltd.,"1,00,186"
Vodafone Idea Ltd.,"99,242"
GMR Airports Ltd.,"97,301"
GE Vernova T&D India Ltd.,"96,942"
Marico Ltd.,"96,725"
Mazagon Dock Shipbuilders Ltd.,"96,706"
GAIL (India) Ltd.,"96,568"
United Spirits Ltd.,"94,985"
Max Healthcare Institute Ltd.,"93,509"
Bharat Heavy Electricals Ltd.,"91,404"
JSW Energy Ltd.,"91,379"
Waaree Energies Ltd.,"91,268"
Bosch Ltd.,"89,956"
REC Ltd.,"89,925"
ICICI Lombard General Insurance Company Ltd.,"89,655"
Zydus Lifesciences Ltd.,"89,550"
Indian Hotels Company Ltd.,"88,715"
Lenskart Solutions Ltd.,"87,272"
Shree Cements Ltd.,"85,078"
NTPC Green Energy Ltd.,"84,280"
Bharat Forge Ltd.,"83,474"
Lodha Developers Ltd.,"83,013"
Aditya Birla Capital Ltd.,"82,775"
Havells India Ltd.,"82,173"
Mankind Pharma Ltd.,"82,124"
ICICI Prudential Life Insurance Company Ltd.,"81,597"
Bharti Hexacom Ltd.,"79,325"
Swiggy Ltd.,"78,848"
Oil India Ltd.,"78,752"
NHPC Ltd.,"78,401"
IDBI Bank Ltd.,"78,256"
Dabur India Ltd.,"76,730"
Torrent Power Ltd.,"75,072"
Aurobindo Pharma Ltd.,"74,459"
SRF Ltd.,"73,976"
Persistent Systems Ltd.,"73,555"
Hindustan Petroleum Corporation Ltd.,"73,091"
Lloyds Metals & Energy Ltd.,"70,691"
NMDC Ltd.,"70,510"
PB Fintech Ltd.,"69,649"
FSN E-Commerce Ventures Ltd.,"69,376"
Bank of India,"68,973"
Bajaj Housing Finance Ltd.,"68,508"
National Aluminium Company Ltd.,"68,424"
Au Small Finance Bank Ltd.,"68,054"
Federal Bank Ltd.,"67,465"
One97 Communications Ltd.,"67,173"
SBI Cards and Payment Services Ltd.,"66,226"
L&T Finance Ltd.,"65,452"
Meesho Ltd.,"65,314"
IndusInd Bank Ltd.,"64,861"
General Insurance Corporation of India,"64,816"
Steel Authority of India (SAIL) Ltd.,"64,622"
Info Edge (India) Ltd.,"64,012"
Schaeffler India Ltd.,"64,008"
Multi Commodity Exchange of India Ltd.,"63,853"
Dixon Technologies (India) Ltd.,"63,349"
Alkem Laboratories Ltd.,"62,891"
Indian Overseas Bank,"62,738"
Fortis Healthcare Ltd.,"62,480"
Adani Total Gas Ltd.,"61,589"
UNO Minda Ltd.,"61,564"
Biocon Ltd.,"61,319"
Linde India Ltd.,"61,089"
Glenmark Pharmaceuticals Ltd.,"60,811"
YES Bank Ltd.,"59,182"
Jindal Stainless Ltd.,"59,127"
Coromandel International Ltd.,"58,602"
Suzlon Energy Ltd.,"57,972"
Oracle Financial Services Software Ltd.,"56,787"
Max Financial Services Ltd.,"56,761"
Abbott India Ltd.,"56,523"
Phoenix Mills Ltd.,"56,399"
Rail Vikas Nigam Ltd.,"56,004"
Prestige Estates Projects Ltd.,"55,909"
MRF Ltd.,"55,330"
APL Apollo Tubes Ltd.,"55,047"
IDFC First Bank Ltd.,"54,717"
Nippon Life India Asset Management Ltd.,"54,669"
JSW Infrastructure Ltd.,"53,739"
Oberoi Realty Ltd.,"53,508"
UPL Ltd.,"53,250"
HDB Financial Services Ltd.,"52,890"
Laurus Labs Ltd.,"52,712"
Sundaram Finance Ltd.,"52,502"
The Fertilisers and Chemicals Travancore Ltd.,"52,212"
Colgate-Palmolive (India) Ltd.,"52,129"
Patanjali Foods Ltd.,"52,093"
Bank of Maharashtra,"50,018"
Supreme Industries Ltd.,"49,178"
Tube Investments of India Ltd.,"49,100"
Vishal Mega Mart Ltd.,"48,657"
Berger Paints (India) Ltd.,"48,390"
Godrej Properties Ltd.,"48,226"
Bharat Dynamics Ltd.,"46,795"
Hindustan Copper Ltd.,"46,495"
Voltas Ltd.,"45,378"
PI Industries Ltd.,"44,378"
Astral Ltd.,"44,067"
Mahindra & Mahindra Financial Services Ltd.,"43,388"
360 One Wam Ltd.,"42,540"
United Breweries Ltd.,"42,157"
Indian Railway Catering & Tourism Corporation Ltd.,"41,956"
Tata Communications Ltd.,"41,376"
Piramal Finance Ltd.,"41,088"
Balkrishna Industries Ltd.,"41,045"
KEI Industries Ltd.,"40,974"
Authum Investment & Infrastructure Ltd.,"40,924"
Motilal Oswal Financial Services Ltd.,"40,914"
GlaxoSmithKline Pharmaceuticals Ltd.,"40,739"
Petronet LNG Ltd.,"40,080"
Kalyan Jewellers India Ltd.,"39,962"
MphasiS Ltd.,"39,338"
Ipca Laboratories Ltd.,"39,154"
Apar Industries Ltd.,"38,999"
Premier Energies Ltd.,"38,967"
Thermax Ltd.,"38,645"
JK Cement Ltd.,"38,626"
3M India Ltd.,"37,479"
NLC India Ltd.,"37,294"
Coforge Ltd.,"37,109"
Ajanta Pharma Ltd.,"36,583"
Cochin Shipyard Ltd.,"36,339"
Anthem Biosciences Ltd.,"36,180"
Blue Star Ltd.,"35,715"
Page Industries Ltd.,"35,441"
Housing and Urban Development Corporation Ltd.,"35,211"
Radico Khaitan Ltd.,"35,026"
Gujarat Fluorochemicals Ltd.,"34,876"
L&T Technology Services Ltd.,"34,795"
Mangalore Refinery And Petrochemicals Ltd.,"34,686"
Dalmia Bharat Ltd.,"34,405"
Container Corporation of India Ltd.,"34,094"
Narayana Hrudayalaya Ltd.,"34,010"
J B Chemicals & Pharmaceuticals Ltd.,"33,878"
Escorts Kubota Ltd.,"33,717"
Indian Renewable Energy Development Agency Ltd.,"33,374"
Poonawalla Fincorp Ltd.,"33,113"
Aster DM Healthcare Ltd.,"33,066"
AIA Engineering Ltd.,"32,854"
Endurance Technologies Ltd.,"32,592"
ITC Hotels Ltd.,"32,008"
Navin Fluorine International Ltd.,"32,007"
UCO Bank,"32,001"
Procter & Gamble Hygiene & Healthcare Ltd.,"31,961"
Delhivery Ltd.,"31,599"
Godfrey Phillips India Ltd.,"31,415"
Sona BLW Precision Forgings Ltd.,"31,291"
Tata Investment Corporation Ltd.,"31,152"
Central Bank of India,"31,037"
Jubilant Foodworks Ltd.,"30,290"
Go Digit General Insurance Ltd.,"30,079"
Crisil Ltd.,"29,332"
Ather Energy Ltd.,"29,193"
KPR Mill Ltd.,"28,507"
Emcure Pharmaceuticals Ltd.,"28,438"
Force Motors Ltd.,"28,118"
TVS Holdings Ltd.,"27,939"
Godrej Industries Ltd.,"27,871"
SJVN Ltd.,"27,740"
Aditya Birla Sun Life AMC Ltd.,"27,361"
Global Health Ltd.,"27,145"
LIC Housing Finance Ltd.,"27,091"
Garden Reach Shipbuilders & Engineers Ltd.,"26,750"
Physicswallah Ltd.,"26,727"
Star Health and Allied Insurance Company Ltd.,"26,666"
Apollo Tyres Ltd.,"26,611"
Cholamandalam Financial Holdings Ltd.,"26,584"
Gillette India Ltd.,"26,427"
Gland Pharma Ltd.,"26,363"
Karur Vysya Bank Ltd.,"26,254"
Hexaware Technologies Ltd.,"26,102"
Exide Industries Ltd.,"26,095"
Tata Elxsi Ltd.,"26,000"
ITI Ltd.,"25,944"
PTC Industries Ltd.,"25,903"
Bandhan Bank Ltd.,"25,846"
Metro Brands Ltd.,"25,837"
ACC Ltd.,"25,650"
Honeywell Automation India Ltd.,"25,632"
Krishna Institute of Medical Sciences Ltd.,"25,627"
ZF Commercial Vehicle Control Systems India Ltd.,"25,559"
IRB Infrastructure Developers Ltd.,"25,418"
Motherson Sumi Wiring India Ltd.,"25,194"
Central Depository Services (India) Ltd.,"25,155"
Anand Rathi Wealth Ltd.,"24,541"
Kaynes Technology India Ltd.,"24,426"
Timken India Ltd.,"24,378"
Gujarat Gas Ltd.,"24,049"
AWL Agri Business Ltd.,"23,961"
Amber Enterprises India Ltd.,"23,925"
Sun TV Network Ltd.,"23,785"
NBCC (India) Ltd.,"23,101"
Inventurus Knowledge Solutions Ltd.,"22,905"
Himadri Speciality Chemical Ltd.,"22,745"
The Ramco Cements Ltd.,"22,571"
Manappuram Finance Ltd.,"22,346"
Dr. Lal Pathlabs Ltd.,"22,132"
Indraprastha Gas Ltd.,"21,979"
Shyam Metalics and Energy Ltd.,"21,910"
The New India Assurance Company Ltd.,"21,838"
Pfizer Ltd.,"21,833"
Tenneco Clean Air India Ltd.,"21,732"
Schneider Electric Infrastructure Ltd.,"21,731"
Tata Technologies Ltd.,"21,673"
Hatsun Agro Products Ltd.,"21,521"
Sai Life Science Ltd.,"21,397"
Aegis Logistics Ltd.,"21,365"
Welspun Corp Ltd.,"21,327"
Angel One Ltd.,"21,309"
Nuvama Wealth Management Ltd.,"21,197"
Asahi India Glass Ltd.,"21,172"
AstraZeneca Pharma India Ltd.,"21,036"
PNB Housing Finance Ltd.,"21,023"
CESC Ltd.,"20,948"
Great Eastern Shipping Company Ltd.,"20,927"
Prime Focus Ltd.,"20,688"
Kirloskar Oil Engines Ltd.,"20,661"
Aditya Infotech Ltd.,"20,429"
IIFL Finance Ltd.,"20,316"
Bayer Cropscience Ltd.,"20,125"
Aegis Vopak Terminals Ltd.,"19,866"
Aadhar Housing Finance Ltd.,"19,826"
EIH Ltd.,"19,790"
Wockhardt Ltd.,"19,655"
KIOCL Ltd.,"19,630"
Pine Labs Ltd.,"19,599"
Sumitomo Chemical India Ltd.,"19,162"
Deepak Nitrite Ltd.,"19,004"
Acutaas Chemicals Ltd.,"18,900"
Netweb Technologies India Ltd.,"18,765"
HBL Engineering Ltd.,"18,662"
CreditAccess Grameen Ltd.,"18,657"
RBL Bank Ltd.,"18,608"
Data Patterns (India) Ltd.,"18,567"
Castrol India Ltd.,"18,531"
Atul Ltd.,"18,478"
Sarda Energy & Minerals Ltd.,"18,394"
KPIT Technologies Ltd.,"18,388"
Kalpataru Projects International Ltd.,"18,327"
Piramal Pharma Ltd.,"18,300"
Affle 3I Ltd.,"18,211"
City Union Bank Ltd.,"18,153"
CIE Automotive India Ltd.,"18,109"
Gujarat Mineral Development Corporation Ltd.,"18,086"
Emami Ltd.,"17,798"
Eris Lifesciences Ltd.,"17,760"
Sagility Ltd.,"17,658"
JSW Holdings Ltd.,"17,434"
Godawari Power & Ispat Ltd.,"17,410"
Chambal Fertilisers & Chemicals Ltd.,"17,358"
Redington Ltd.,"17,340"
Natco Pharma Ltd.,"17,201"
Jyoti CNC Automation Ltd.,"16,983"
Sundram Fasteners Ltd.,"16,980"
Urban Company Ltd.,"16,901"
OneSource Specialty Pharma Ltd.,"16,872"
Syngene International Ltd.,"16,668"
Anant Raj Ltd.,"16,664"
Belrise Industries Ltd.,"16,652"
Avanti Feeds Ltd.,"16,540"
Punjab & Sind Bank,"16,526"
Ratnamani Metals & Tubes Ltd.,"16,507"
DCM Shriram Ltd.,"16,441"
Craftsman Automation Ltd.,"16,404"
Tata Chemicals Ltd.,"16,376"
Brigade Enterprises Ltd.,"16,285"
Capri Global Capital Ltd.,"16,212"
Computer Age Management Services Ltd.,"16,040"
Emmvee Photovoltaic Power Ltd.,"16,018"
Chennai Petroleum Corporation Ltd.,"15,998"
JSW Cement Ltd.,"15,998"
Chalet Hotels Ltd.,"15,945"
Grindwell Norton Ltd.,"15,944"
Bharat Coking Coal Ltd.,"15,932"
R R Kabel Ltd.,"15,929"
KFIN Technologies Ltd.,"15,846"
NAVA Ltd.,"15,814"
Crompton Greaves Consumer Electricals Ltd.,"15,805"
ACME Solar Holdings Ltd.,"15,790"
Neuland Laboratories Ltd.,"15,454"
Vardhman Textiles Ltd.,"15,367"
Ventive Hospitality Ltd.,"15,319"
Firstsource Solutions Ltd.,"15,279"
Aarti Industries Ltd.,"15,180"
Bikaji Foods International Ltd.,"15,167"
Jain Resource Recycling Ltd.,"15,106"
Elgi Equipments Ltd.,"15,080"
LMW Ltd.,"15,072"
Aether Industries Ltd.,"15,068"
Syrma SGS Technology Ltd.,"15,031"
KEC International Ltd.,"15,018"
PG Electroplast Ltd.,"14,816"
Century Plyboards (India) Ltd.,"14,780"
Triveni Turbine Ltd.,"14,777"
IFCI Ltd.,"14,773"
Kajaria Ceramics Ltd.,"14,741"
Granules India Ltd.,"14,601"
Travel Food Services Ltd.,"14,532"
Carborundum Universal Ltd.,"14,530"
BASF India Ltd.,"14,472"
Anupam Rasayan India Ltd.,"14,393"
CCL Products India Ltd.,"14,390"
Maharashtra Scooters Ltd.,"14,383"
EID Parry (India) Ltd.,"14,317"
Vinati Organics Ltd.,"14,295"
International Gemmological Institute (India) Ltd.,"14,294"
Gujarat State Petronet Ltd.,"14,289"
Inox Wind Ltd.,"14,192"
Ceat Ltd.,"14,170"
V-Guard Industries Ltd.,"14,162"
KSB Ltd.,"14,116"
Fractal Analytics Ltd.,"14,097"
Amara Raja Energy & Mobility Ltd.,"14,071"
eClerx Services Ltd.,"13,888"
Canara HSBC Life Insurance Company Ltd.,"13,766"
Choice International Ltd.,"13,721"
Kansai Nerolac Paints Ltd.,"13,688"
DOMS Industries Ltd.,"13,653"
Sobha Ltd.,"13,653"
Sansera Engineering Ltd.,"13,611"
Leela Palaces Hotels & Resorts Ltd.,"13,567"
Jubilant Pharmova Ltd.,"13,534"
Jammu & Kashmir Bank Ltd.,"13,506"
Finolex Cables Ltd.,"13,455"
TD Power Systems Ltd.,"13,450"
Dr. Agarwals Health Care Ltd.,"13,448"
Gallantt Ispat Ltd.,"13,409"
LT Foods Ltd.,"13,373"
Shriram Pistons & Rings Ltd.,"13,280"
Aditya Birla Real Estate Ltd.,"13,256"
Zydus Wellness Ltd.,"13,199"
JBM Auto Ltd.,"13,137"
Alembic Pharmaceuticals Ltd.,"13,096"
Fine Organic Industries Ltd.,"13,093"
Techno Electric & Engineering Company Ltd.,"13,080"
Niva Bupa Health Insurance Company Ltd.,"13,009"
Zen Technologies Ltd.,"12,881"
Akzo Nobel India Ltd.,"12,865"
Zensar Technologies Ltd.,"12,857"
Devyani International Ltd.,"12,835"
Tega Industries Ltd.,"12,740"
BEML Ltd.,"12,733"
Rubicon Research Ltd.,"12,591"
Poly Medicure Ltd.,"12,558"
Kirloskar Brothers Ltd.,"12,446"
Jindal Saw Ltd.,"12,406"
Caplin Point Laboratories Ltd.,"12,382"
Supreme Petrochem Ltd.,"12,322"
Usha Martin Ltd.,"12,295"
Gabriel India Ltd.,"12,254"
UTI Asset Management Company Ltd.,"12,231"
Blue Dart Express Ltd.,"12,156"
Graphite India Ltd.,"12,155"
JK Tyre & Industries Ltd.,"12,151"
IndiaMART InterMESH Ltd.,"12,147"
Trident Ltd.,"12,139"
Brainbees Solutions Ltd.,"12,033"
TBO Tek Ltd.,"11,982"
JM Financial Ltd.,"11,939"
Happy Forgings Ltd.,"11,916"
Ircon International Ltd.,"11,876"
Paradeep Phosphates Ltd.,"11,874"
Minda Corporation Ltd.,"11,869"
Deepak Fertilisers & Petrochemicals Corporation Ltd.,"11,676"
Sammaan Capital Ltd.,"11,640"
Allied Blenders & Distillers Ltd.,"11,636"
Concord Biotech Ltd.,"11,545"
Jaiprakash Power Ventures Ltd.,"11,528"
Aditya Birla Lifestyle Brands Ltd.,"11,519"
Cohance Lifesciences Ltd.,"11,510"
Privi Speciality Chemicals Ltd.,"11,486"
Alivus Life Sciences Ltd.,"11,478"
Ingersoll-Rand (India) Ltd.,"11,468"
Jupiter Wagons Ltd.,"11,319"
Rainbow Childrens Medicare Ltd.,"11,268"
Godrej Agrovet Ltd.,"11,215"
BlackBuck Ltd.,"11,193"
Can Fin Homes Ltd.,"11,152"
Shipping Corporation of India Ltd.,"11,123"
Shaily Engineering Plastics Ltd.,"11,120"
India Cements Ltd.,"11,113"
Inox India Ltd.,"10,991"
HFCL Ltd.,"10,981"
SKF India (Industrial) Ltd.,"10,970"
Tilaknagar Industries Ltd.,"10,967"
Engineers India Ltd.,"10,946"
Cupid Ltd.,"10,932"
Lumax Auto Technologies Ltd.,"10,931"
Welspun Living Ltd.,"10,909"
MTAR Technologies Ltd.,"10,874"
Finolex Industries Ltd.,"10,871"
Swan Defence and Heavy Industries Ltd.,"10,837"
Indian Energy Exchange Ltd.,"10,828"
NMDC Steel Ltd.,"10,808"
Signatureglobal (India) Ltd.,"10,805"
Indegene Ltd.,"10,778"
The Bombay Burmah Trading Corporation Ltd.,"10,689"
Aptus Value Housing Finance India Ltd.,"10,608"
Five-Star Business Finance Ltd.,"10,568"
Whirlpool of India Ltd.,"10,533"
Thangamayil Jewellery Ltd.,"10,482"
Gravita India Ltd.,"10,481"
Ola Electric Mobility Ltd.,"10,467"
Ujjivan Small Finance Bank Ltd.,"10,442"
Swan Corp Ltd.,"10,343"
Birlasoft Ltd.,"10,294"
Afcons Infrastructure Ltd.,"10,276"
Nuvoco Vistas Corporation Ltd.,"10,275"
Edelweiss Financial Services Ltd.,"10,071"
Action Construction Equipment Ltd.,"10,068"
PVR INOX Ltd.,"10,007"
Corona Remedies Ltd.,"9,980"
Home First Finance Company India Ltd.,"9,977"
BLS International Services Ltd.,"9,937"
Medplus Health Services Ltd.,"9,883"
Mahanagar Gas Ltd.,"9,860"
Balrampur Chini Mills Ltd.,"9,835"
Clean Max Enviro Energy Solutions Ltd.,"9,825"
PCBL Chemical Ltd.,"9,817"
Vesuvius India Ltd.,"9,716"
HEG Ltd.,"9,705"
Tamilnad Mercantile Bank Ltd.,"9,703"
Sanofi Consumer Healthcare India Ltd.,"9,700"
Azad Engineering Ltd.,"9,507"
SBFC Finance Ltd.,"9,481"
South Indian Bank Ltd.,"9,449"
Prudent Corporate Advisory Services Ltd.,"9,449"
Vijaya Diagnostic Centre Ltd.,"9,438"
Reliance Power Ltd.,"9,430"
Ramkrishna Forgings Ltd.,"9,418"
Cemindia Projects Ltd.,"9,402"
Intellect Design Arena Ltd.,"9,323"
Rites Ltd.,"9,311"
Cyient Ltd.,"9,248"
Jubilant Ingrevia Ltd.,"9,241"
Sterlite Technologies Ltd.,"9,231"
MMTC Ltd.,"9,113"
Honasa Consumer Ltd.,"9,073"
Cello World Ltd.,"9,041"
Sandur Manganese & Iron Ores Ltd.,"9,011"
NCC Ltd.,"9,003"
Waaree Renewable Technologies Ltd.,"8,992"
Nazara Technologies Ltd.,"8,982"
Karnataka Bank Ltd.,"8,978"
Railtel Corporation of India Ltd.,"8,900"
Elecon Engineering Company Ltd.,"8,868"
Eureka Forbes Ltd.,"8,840"
Sharda Cropchem Ltd.,"8,783"
Aavas Financiers Ltd.,"8,757"
Black Box Ltd.,"8,754"
Voltamp Transformers Ltd.,"8,749"
Atlanta Electricals Ltd.,"8,747"
Garware Hi-Tech Films Ltd.,"8,733"
Astra Microwave Products Ltd.,"8,712"
G R Infraprojects Ltd.,"8,629"
Vedant Fashions Ltd.,"8,626"
Titagarh Rail Systems Ltd.,"8,599"
IIFL Capital Services Ltd.,"8,595"
Transformers & Rectifiers (India) Ltd.,"8,576"
Star Cement Ltd.,"8,523"
Park Medi World Ltd.,"8,495"
Lemon Tree Hotels Ltd.,"8,494"
Strides Pharma Science Ltd.,"8,452"
Bata India Ltd.,"8,439"
Viyash Scientific Ltd.,"8,435"
Jupiter Life Line Hospitals Ltd.,"8,399"
Aequs Ltd.,"8,387"
Olectra Greentech Ltd.,"8,375"
ASK Automotive Ltd.,"8,195"
Esab India Ltd.,"8,186"
Bluestone Jewellery and Lifestyle Ltd.,"8,161"
GMR Power and Urban Infra Ltd.,"8,141"
Healthcare Global Enterprises Ltd.,"8,100"
CarTrade Tech Ltd.,"8,071"
TSF Investments Ltd.,"8,069"
Time Technoplast Ltd.,"8,059"
Banco Products (India) Ltd.,"7,984"
Procter & Gamble Health Ltd.,"7,983"
Sanofi India Ltd.,"7,898"
India Shelter Finance Corporation Ltd.,"7,815"
Orkla India Ltd.,"7,778"
Triveni Engineering & Industries Ltd.,"7,757"
Varroc Engineering Ltd.,"7,754"
Tejas Networks Ltd.,"7,740"
SKF India Ltd.,"7,737"
Safari Industries (India) Ltd.,"7,725"
RHI Magnesita India Ltd.,"7,678"
Va Tech Wabag Ltd.,"7,672"
P N Gadgil Jewellers Ltd.,"7,665"
Jyothy Labs Ltd.,"7,651"
Manorama Industries Ltd.,"7,650"
Amagi Media Labs Ltd.,"7,618"
Maharashtra Seamless Ltd.,"7,609"
Genus Power Infrastructures Ltd.,"7,583"
Jeena Sikho Lifecare Ltd.,"7,571"
KPI Green Energy Ltd.,"7,510"
Marksans Pharma Ltd.,"7,491"
Mahindra Lifespace Developers Ltd.,"7,485"
Nesco Ltd.,"7,468"
Akums Drugs & Pharmaceuticals Ltd.,"7,468"
JK Lakshmi Cement Ltd.,"7,456"
Religare Enterprises Ltd.,"7,435"
Clean Science & Technology Ltd.,"7,429"
Tata Teleservices (Maharashtra) Ltd.,"7,394"
Gujarat Pipavav Port Ltd.,"7,383"
Transport Corporation of India Ltd.,"7,288"
LE Travenues Technology Ltd.,"7,248"
Zee Entertainment Enterprises Ltd.,"7,189"
Apollo Micro Systems Ltd.,"7,182"
Archean Chemical Industries Ltd.,"7,106"
Jayaswal Neco Industries Ltd.,"7,059"
Pearl Global Industries Ltd.,"7,037"
Aditya Birla Fashion and Retail Ltd.,"7,021"
V2 Retail Ltd.,"7,016"
Vikram Solar Ltd.,"6,982"
Campus Activewear Ltd.,"6,957"
HMT Ltd.,"6,944"
Dilip Buildcon Ltd.,"6,908"
Kirloskar Pneumatic Company Ltd.,"6,906"
Relaxo Footwears Ltd.,"6,864"
Embassy Developments Ltd.,"6,850"
Transrail Lighting Ltd.,"6,838"
Sudeep Pharma Ltd.,"6,832"
PC Jeweller Ltd.,"6,806"
Indian Metals & Ferro Alloys Ltd.,"6,801"
Westlife Foodworld Ltd.,"6,744"
Diamond Power Infrastructure Ltd.,"6,693"
Alkyl Amines Chemicals Ltd.,"6,676"
SEDEMAC Mechatronics Ltd.,"6,649"
ISGEC Heavy Engineering Ltd.,"6,640"
Tips Music Ltd.,"6,624"
Saregama India Ltd.,"6,588"
Sonata Software Ltd.,"6,587"
Redtape Ltd.,"6,581"
Pricol Ltd.,"6,554"
Dynamatic Technologies Ltd.,"6,521"
Rashtriya Chemicals & Fertilizers Ltd.,"6,520"
KRBL Ltd.,"6,516"
TTK Prestige Ltd.,"6,508"
Equitas Small Finance Bank Ltd.,"6,481"
CSB Bank Ltd.,"6,470"
Welspun Enterprises Ltd.,"6,466"
Alok Industries Ltd.,"6,465"
Quality Power Electrical Equipments Ltd.,"6,459"
Lloyds Enterprises Ltd.,"6,438"
Shadowfax Technologies Ltd.,"6,424"
WeWork India Management Ltd.,"6,403"
Blue Jet Healthcare Ltd,"6,394"
Avalon Technologies Ltd.,"6,369"
Power Mech Projects Ltd.,"6,358"
Newgen Software Technologies Ltd.,"6,326"
Birla Corporation Ltd.,"6,326"
Prism Johnson Ltd.,"6,310"
Yatharth Hospital & Trauma Care Services Ltd.,"6,302"
Gujarat State Fertilizer & Chemicals Ltd.,"6,298"
Shilpa Medicare Ltd.,"6,248"
Max Estates Ltd.,"6,225"
Shakti Pumps (India) Ltd.,"6,199"
Gujarat Ambuja Exports Ltd.,"6,198"
Fujiyama Power Systems Ltd.,"6,195"
Kalpataru Ltd.,"6,158"
Cera Sanitaryware Ltd.,"6,156"
Sudarshan Chemical Industries Ltd.,"6,155"
AXISCADES Technologies Ltd.,"6,140"
Gujarat Narmada Valley Fertilizers & Chemicals Ltd.,"6,122"
EPL Ltd.,"6,116"
Happiest Minds Technologies Ltd.,"6,109"
Garware Technical Fibres Ltd.,"6,084"
Dodla Dairy Ltd.,"6,083"
Inox Green Energy Services Ltd.,"6,037"
MOIL Ltd.,"6,023"
Borosil Renewables Ltd.,"5,994"
Mishra Dhatu Nigam Ltd.,"5,979"
SML Mahindra Ltd.,"5,959"
Shreeji Shipping Global Ltd.,"5,906"
India Glycols Ltd.,"5,904"
Aarti Pharmalabs Ltd.,"5,904"
Ethos Ltd.,"5,870"
Galaxy Surfactants Ltd.,"5,850"
Aditya Vision Ltd.,"5,837"
Thyrocare Technologies Ltd.,"5,831"
RateGain Travel Technologies Ltd.,"5,829"
Praj Industries Ltd.,"5,827"
Jai Balaji Industries Ltd.,"5,817"
Sri Lotus Developers and Realty Ltd.,"5,800"
JK Paper Ltd.,"5,745"
Hindustan Foods Ltd.,"5,700"
Precision Wires India Ltd.,"5,683"
Sheela Foam Ltd.,"5,672"
Kwality Wall's (India) Ltd.,"5,672"
Tanla Platforms Ltd.,"5,661"
Mrs. Bectors Food Specialities Ltd.,"5,644"
Latent View Analytics Ltd.,"5,628"
DCB Bank Ltd.,"5,614"
LG Balakrishnan & Bros Ltd.,"5,612"
SG Mart Ltd.,"5,588"
Lloyds Engineering Works Ltd.,"5,569"
Ajax Engineering Ltd.,"5,564"
Suprajit Engineering Ltd.,"5,562"
Kingfa Science & Technology (India) Ltd.,"5,559"
FDC Ltd.,"5,558"
KRN Heat Exchanger and Refrigeration Ltd.,"5,544"
Greenlam Industries Ltd.,"5,481"
Valor Estate Ltd.,"5,454"
Balu Forge Industries Ltd.,"5,452"
Symphony Ltd.,"5,394"
Arvind Fashions Ltd.,"5,393"
Nephrocare Health Services Ltd.,"5,380"
Gokul Agro Resources Ltd.,"5,374"
Mas Financial Services Ltd.,"5,367"
Pilani Investment and Industries Corporation Ltd.,"5,352"
Sky Gold and Diamonds Ltd.,"5,306"
FIEM Industries Ltd.,"5,306"
Piccadily Agro Industries Ltd.,"5,293"
Mahindra Holidays & Resorts India Ltd.,"5,240"
Sapphire Foods India Ltd.,"5,219"
Shree Renuka Sugars Ltd.,"5,215"
Wakefit Innovations Ltd.,"5,176"
Raymond Lifestyle Ltd.,"5,149"
Paras Defence and Space Technologies Ltd.,"5,137"
SJS Enterprises Ltd.,"5,110"
ICRA Ltd.,"5,058"
Fedbank Financial Services Ltd.,"5,056"
Ganesh Housing Ltd.,"5,028"
Ion Exchange (India) Ltd.,"5,013"
Technocraft Industries (India) Ltd.,"5,001"
Ahluwalia Contracts (India) Ltd.,"4,927"
PTC India Ltd.,"4,898"
PNC Infratech Ltd.,"4,872"
Entero Healthcare Solutions Ltd.,"4,831"
Senco Gold Ltd.,"4,825"
Jamna Auto Industries Ltd.,"4,800"
Network18 Media & Investments Ltd.,"4,794"
Rallis India Ltd.,"4,773"
Thomas Cook (India) Ltd.,"4,771"
Lumax Industries Ltd.,"4,768"
Canara Robeco Asset Management Company Ltd.,"4,766"
E2E Networks Ltd.,"4,766"
C.E. Info Systems Ltd.,"4,755"
Saatvik Green Energy Ltd.,"4,735"
Ceigall India Ltd.,"4,720"
Ashapura Minechem Ltd.,"4,718"
Supriya Lifescience Ltd.,"4,713"
Keystone Realtors Ltd.,"4,707"
CMS Info Systems Ltd.,"4,694"
VIP Industries Ltd.,"4,669"
Bajaj Consumer Care Ltd.,"4,666"
Smartworks Coworking Spaces Ltd.,"4,649"
Indo Count Industries Ltd.,"4,646"
CARE Ratings Ltd.,"4,641"
Electrosteel Castings Ltd.,"4,635"
Juniper Hotels Ltd.,"4,621"
Gulf Oil Lubricants India Ltd.,"4,579"
Sunteck Realty Ltd.,"4,570"
Surya Roshni Ltd.,"4,560"
Sharda Motor Industries Ltd.,"4,559"
RattanIndia Power Ltd.,"4,543"
Midwest Ltd.,"4,536"
Bannari Amman Sugars Ltd.,"4,535"
Shilchar Technologies Ltd.,"4,530"
Mastek Ltd.,"4,516"
Aurionpro Solutions Ltd.,"4,509"
AvenuesAI Ltd.,"4,499"
VST Tillers Tractors Ltd.,"4,499"
Subros Ltd.,"4,482"
TVS Supply Chain Solutions Ltd.,"4,478"
GNG Electronics Ltd.,"4,458"
Chemplast Sanmar Ltd.,"4,447"
Just Dial Ltd.,"4,424"
Dhanuka Agritech Ltd.,"4,396"
Swaraj Engines Ltd.,"4,368"
Puravankara Ltd.,"4,344"
Centum Electronics Ltd.,"4,321"
Gokaldas Exports Ltd.,"4,283"
VRL Logistics Ltd.,"4,261"
Jindal Poly Films Ltd.,"4,191"
Datamatics Global Services Ltd.,"4,114"
Responsive Industries Ltd.,"4,107"
Hindustan Construction Company Ltd.,"4,081"
Sterling and Wilson Renewable Energy Ltd.,"4,080"
V-Mart Retail Ltd.,"4,077"
Kaveri Seed Company Ltd.,"4,075"
GHCL Ltd.,"4,070"
Unimech Aerospace and Manufacturing Ltd.,"4,069"
IFB Industries Ltd.,"4,030"
Foseco India Ltd.,"4,020"
Capillary Technologies India Ltd.,"4,018"
Skipper Ltd.,"4,017"
GMM Pfaudler Ltd.,"3,987"
Hemisphere Properties India Ltd.,"3,984"
Sunflag Iron & Steel Company Ltd.,"3,975"
Bansal Wire Industries Ltd.,"3,957"
Bajaj Electricals Ltd.,"3,949"
Innova Captab Ltd.,"3,939"
NIIT Learning Systems Ltd.,"3,934"
SIS Ltd.,"3,913"
Madhya Bharat Agro Products Ltd.,"3,887"
Zota Healthcare Ltd.,"3,868"
Sun Pharma Advanced Research Company Ltd.,"3,785"
Seshaasai Technologies Ltd.,"3,770"
DB Corp Ltd.,"3,761"
RattanIndia Enterprises Ltd.,"3,758"
J Kumar Infraprojects Ltd.,"3,756"
Sindhu Trade Links Ltd.,"3,755"
Stylam Industries Ltd.,"3,754"
Knowledge Marine & Engineering Works Ltd.,"3,742"
TARC Ltd.,"3,738"
Man Infraconstruction Ltd.,"3,730"
PDS Ltd.,"3,729"
Jana Small Finance Bank Ltd.,"3,728"
Rain Industries Ltd.,"3,727"
AGI Infra Ltd.,"3,724"
Texmaco Rail & Engineering Ltd.,"3,723"
Gujarat Alkalies & Chemicals Ltd.,"3,685"
VST Industries Ltd.,"3,679"
Epigral Ltd.,"3,678"
Indraprastha Medical Corporation Ltd.,"3,663"
Northern Arc Capital Ltd.,"3,661"
India Tourism Development Corporation Ltd.,"3,658"
Pace Digitek Ltd.,"3,633"
Mahindra Logistics Ltd.,"3,628"
Artemis Medicare Services Ltd.,"3,621"
Oswal Pumps Ltd.,"3,611"
Indigo Paints Ltd.,"3,597"
Crizac Ltd.,"3,587"
Restaurant Brands Asia Ltd.,"3,587"
Suven Life Sciences Ltd.,"3,582"
Orient Electric Ltd.,"3,582"
Neogen Chemicals Ltd.,"3,573"
Electronics Mart India Ltd.,"3,561"
JTEKT India Ltd.,"3,551"
Seamec Ltd.,"3,537"
Bosch Home Comfort India Ltd.,"3,526"
TruAlt Bioenergy Ltd.,"3,491"
Styrenix Performance Materials Ltd.,"3,487"
Gopal Snacks Ltd.,"3,483"
Avantel Ltd.,"3,455"
Vaibhav Global Ltd.,"3,447"
Senores Pharmaceuticals Ltd.,"3,447"
Goodluck India Ltd.,"3,440"
Vishnu Chemicals Ltd.,"3,439"
National Fertilizers Ltd.,"3,423"
Shanthi Gears Ltd.,"3,420"
Balaji Amines Ltd.,"3,415"
Heidelberg Cement India Ltd.,"3,408"
Goldiam International Ltd.,"3,376"
SMS Pharmaceuticals Ltd.,"3,375"
Samhi Hotels Ltd.,"3,369"
eMudhra Ltd.,"3,362"
Wonderla Holidays Ltd.,"3,351"
Laxmi Organic Industries Ltd.,"3,334"
KNR Constructions Ltd.,"3,322"
Vadilal Industries Ltd.,"3,317"
Ramky Infrastructure Ltd.,"3,308"
Indo Thai Securities Ltd.,"3,285"
Indiqube Spaces Ltd.,"3,274"
Flair Writing Industries Ltd,"3,273"
The Anup Engineering Ltd.,"3,269"
Rolex Rings Ltd.,"3,268"
AGI Greenpac Ltd.,"3,266"
NACL Industries Ltd.,"3,250"
MosChip Technologies Ltd.,"3,247"
Kitex Garments Ltd.,"3,235"
GRM Overseas Ltd.,"3,230"
Shoppers Stop Ltd.,"3,204"
Ashoka Buildcon Ltd.,"3,202"
Sanathan Textiles Ltd.,"3,195"
Reliance Infrastructure Ltd.,"3,171"
Indostar Capital Finance Ltd.,"3,166"
Uflex Ltd.,"3,160"
Greaves Cotton Ltd.,"3,160"
HG Infra Engineering Ltd.,"3,152"
Harsha Engineers International Ltd.,"3,147"
Paisalo Digital Ltd.,"3,127"
R Systems International Ltd.,"3,117"
Aarti Drugs Ltd.,"3,114"
Aeroflex Industries Ltd.,"3,092"
Advanced Enzyme Technologies Ltd.,"3,071"
Tourism Finance Corporation of India Ltd.,"3,056"
Gujarat Themis Biosyn Ltd.,"3,048"
Ashiana Housing Ltd.,"3,046"
Sigma Advanced Systems Ltd.,"3,045"
RPG Life Sciences Ltd.,"3,044"
Route Mobile Ltd.,"3,032"
Omnitech Engineering Ltd.,"3,028"
Pondy Oxides & Chemicals Ltd.,"3,002"
Anand Rathi Share & Stock Brokers Ltd.,"2,991"
Optiemus Infracom Ltd.,"2,983"
Cigniti Technologies Ltd.,"2,983"
Pitti Engineering Ltd.,"2,969"
Websol Energy Systems Ltd.,"2,959"
Gufic BioSciences Ltd.,"2,958"
Krishana Phoschem Ltd.,"2,956"
GE Power India Ltd.,"2,953"
MSTC Ltd.,"2,947"
Raghav Productivity Enhancers Ltd.,"2,941"
Interarch Building Solutions Ltd.,"2,939"
Heritage Foods Ltd.,"2,909"
Ram Ratna Wires Ltd.,"2,904"
Kirloskar Industries Ltd.,"2,899"
Kalyani Steels Ltd.,"2,894"
Sandhar Technologies Ltd.,"2,891"
Sundaram-Clayton Ltd.,"2,888"
Kolte-Patil Developers Ltd.,"2,885"
West Coast Paper Mills Ltd.,"2,881"
Steel Strips Wheels Ltd.,"2,877"
Rajesh Exports Ltd.,"2,864"
Zaggle Prepaid Ocean Services Ltd.,"2,861"
Navneet Education Ltd.,"2,857"
Raymond Realty Ltd.,"2,842"
KSH International Ltd.,"2,836"
Man Industries (India) Ltd.,"2,827"
Nalwa Sons Investments Ltd.,"2,809"
Balmer Lawrie & Company Ltd.,"2,799"
Marathon Nextgen Realty Ltd.,"2,799"
Ellenbarrie Industrial Gases Ltd.,"2,797"
KDDL Ltd.,"2,792"
Lux Industries Ltd.,"2,791"
Refex Industries Ltd.,"2,789"
Hubtown Ltd.,"2,778"
Share India Securities Ltd.,"2,770"
Orient Cement Ltd.,"2,758"
EFC (I) Ltd.,"2,754"
TVS Srichakra Ltd.,"2,747"
Sambhv Steel Tubes Ltd.,"2,735"
Tatva Chintan Pharma Chem Ltd.,"2,733"
Borosil Ltd.,"2,728"
Polyplex Corporation Ltd.,"2,726"
Rossell Techsys Ltd.,"2,721"
Quess Corp Ltd.,"2,698"
Kewal Kiran Clothing Ltd.,"2,681"
Prince Pipes & Fittings Ltd.,"2,674"
Hind Rectifiers Ltd.,"2,672"
Enviro Infra Engineers Ltd.,"2,667"
Orchid Pharma Ltd.,"2,650"
Maithan Alloys Ltd.,"2,648"
Bharat Bijlee Ltd.,"2,634"
Pokarna Ltd.,"2,614"
PSP Projects Ltd.,"2,610"
Aye Finance Ltd.,"2,598"
Globus Spirits Ltd.,"2,597"
MPS Ltd.,"2,589"
Jubilant Agri and Consumer Products Ltd.,"2,577"
Fineotex Chemical Ltd.,"2,572"
Dishman Carbogen Amcis Ltd.,"2,557"
Muthoot Microfin Ltd.,"2,545"
63 Moons Technologies Ltd.,"2,540"
Easy Trip Planners Ltd.,"2,531"
Automotive Axles Ltd.,"2,525"
Raymond Ltd.,"2,518"
Parag Milk Foods Ltd.,"2,511"
Carraro India Ltd.,"2,503"
Dalmia Bharat Sugar and Industries Ltd.,"2,499"
Deep Industries Ltd.,"2,490"
Dredging Corporation Of India Ltd.,"2,489"
Greenply Industries Ltd.,"2,488"
Patel Engineering Ltd.,"2,483"
Wheels India Ltd.,"2,456"
Sirca Paints India Ltd.,"2,444"
Marine Electricals (India) Ltd.,"2,442"
Arvind SmartSpaces Ltd.,"2,442"
NRB Bearings Ltd.,"2,433"
Medi Assist Healthcare Services Ltd.,"2,425"
Ddev Plastiks Industries Ltd.,"2,425"
Cyient DLM Ltd.,"2,418"
Bhagiradha Chemicals & Industries Ltd.,"2,396"
NOCIL Ltd.,"2,391"
Premier Explosives Ltd.,"2,389"
Greenpanel Industries Ltd.,"2,386"
Ravindra Energy Ltd.,"2,385"
Standard Engineering Technology Ltd.,"2,375"
Apeejay Surrendra Park Hotels Ltd.,"2,365"
Steel Cast Ltd.,"2,363"
Marsons Ltd.,"2,362"
Savita Oil Technologies Ltd.,"2,348"
Xpro India Ltd.,"2,347"
Sundrop Brands Ltd.,"2,345"
Camlin Fine Sciences Ltd.,"2,343"
Shivalik Bimetal Controls Ltd.,"2,339"
Universal Cables Ltd.,"2,337"
Veedol Corporation Ltd.,"2,337"
Jash Engineering Ltd.,"2,334"
D P Abhushan Ltd.,"2,333"
G M Breweries Ltd.,"2,330"
Rossari Biotech Ltd.,"2,329"
Indiabulls Ltd.,"2,329"
Fischer Medical Ventures Ltd.,"2,318"
Mangalam Cement Ltd.,"2,310"
Metropolis Healthcare Ltd.,"2,296"
Kiri Industries Ltd.,"2,289"
Imagicaaworld Entertainment Ltd.,"2,287"
Euro Pratik Sales Ltd.,"2,283"
Brigade Hotel Ventures Ltd.,"2,282"
Sagar Cements Ltd.,"2,277"
EPACK Durables Ltd.,"2,271"
Rashi Peripherals Ltd.,"2,266"
Network People Services Technologies Ltd.,"2,256"
Shankara Buildpro Ltd.,"2,253"
Vardhman Special Steels Ltd.,"2,251"
Carysil Ltd.,"2,251"
Bliss GVS Pharma Ltd.,"2,248"
Ramco Industries Ltd.,"2,238"
Spectrum Electrical Industries Ltd.,"2,236"
Repco Home Finance Ltd.,"2,235"
Ganesha Ecosphere Ltd.,"2,222"
Mayur Uniquoters Ltd.,"2,218"
Unichem Laboratories Ltd.,"2,216"
Prakash Industries Ltd.,"2,214"
Prataap Snacks Ltd.,"2,209"
Jain Irrigation Systems Ltd.,"2,205"
IOL Chemicals and Pharmaceuticals Ltd.,"2,199"
Insolation Energy Ltd,"2,194"
Sangam (India) Ltd.,"2,193"
TCPL Packaging Ltd.,"2,187"
Siyaram Silk Mills Ltd.,"2,179"
The Orissa Minerals Development Company Ltd.,"2,179"
Prabha Energy Ltd.,"2,173"
Nucleus Software Exports Ltd.,"2,172"
Bombay Dyeing & Manufacturing Company Ltd.,"2,166"
Ajmera Realty & Infra India Ltd.,"2,165"
BGR Energy Systems Ltd.,"2,165"
Sanghvi Movers Ltd.,"2,159"
Thirumalai Chemicals Ltd.,"2,141"
Bhansali Engineering Polymers Ltd.,"2,141"
SG Finserve Ltd.,"2,140"
GK Energy Ltd.,"2,139"
Utkarsh Small Finance Bank Ltd.,"2,139"
Bharat Rasayan Ltd.,"2,136"
Protean eGov Technologies Ltd.,"2,134"
Federal-Mogul Goetze (India) Ltd.,"2,128"
Monarch Networth Capital Ltd.,"2,120"
Eveready Industries India Ltd.,"2,117"
Jindal Worldwide Ltd.,"2,115"
Fusion Finance Ltd.,"2,115"
Divgi Torqtransfer Systems Ltd.,"2,104"
Uniparts India Ltd.,"2,102"
Gujarat Industries Power Company Ltd.,"2,090"
Hikal Ltd.,"2,085"
Nitin Spinners Ltd.,"2,079"
La Opala RG Ltd.,"2,079"
Bajaj Hindusthan Sugar Ltd.,"2,078"
Morepen Laboratories Ltd.,"2,071"
Honda India Power Products Ltd.,"2,068"
Mufin Green Finance Ltd.,"2,055"
M M Forgings Ltd.,"2,052"
Cantabil Retail India Ltd.,"2,051"
Alembic Ltd.,"2,049"
Panacea Biotec Ltd.,"2,046"
TeamLease Services Ltd.,"2,043"
Windsor Machines Ltd.,"2,038"
Venus Pipes & Tubes Ltd.,"2,033"
HLE Glascoat Ltd.,"2,027"
Rane (Madras) Ltd.,"2,024"
RPSG Ventures Ltd.,"2,024"
JTL Industries Ltd.,"2,015"
Rhetan TMT Ltd.,"2,003"
ADF Foods Ltd.,"1,990"
Solara Active Pharma Sciences Ltd.,"1,989"
Ujaas Energy Ltd.,"1,977"
Pix Transmissions Ltd.,"1,976"
Kalyani Investment Company Ltd.,"1,968"
Awfis Space Solutions Ltd,"1,950"
Capacit'e Infraprojects Ltd.,"1,945"
Taj GVK Hotels & Resorts Ltd.,"1,937"
Arkade Developers Ltd.,"1,935"
Shipping Corporation of India Land And Assets Ltd.,"1,933"
Krsnaa Diagnostics Ltd.,"1,933"
Pennar Industries Ltd.,"1,927"
Studds Accessories Ltd.,"1,918"
Vimta Labs Ltd.,"1,916"
Rajratan Global Wire Ltd.,"1,913"
DEE Development Engineers Ltd.,"1,902"
TCI Express Ltd.,"1,902"
Jai Corp Ltd.,"1,901"
K P Energy Ltd.,"1,893"
Shringar House of Mangalsutra Ltd.,"1,889"
Antelopus Selan Energy Ltd.,"1,886"
Bajel Projects Ltd.,"1,885"
Vintage Coffee And Beverages Ltd.,"1,884"
Nitco Ltd.,"1,870"
EIH Associated Hotels Ltd.,"1,870"
DCX Systems Ltd.,"1,862"
HPL Electric & Power Ltd.,"1,859"
ideaForge Technology Ltd.,"1,849"
Venky's (India) Ltd.,"1,848"
Baazar Style Retail Ltd.,"1,846"
Mukand Ltd.,"1,838"
Nilkamal Ltd.,"1,828"
Wonder Electricals Ltd.,"1,821"
Brightcom Group Ltd.,"1,817"
KCP Ltd.,"1,809"
S P Apparels Ltd.,"1,805"
Asian Granito India Ltd.,"1,805"
Apcotex Industries Ltd.,"1,790"
S H Kelkar & Company Ltd.,"1,783"
Filatex India Ltd.,"1,782"
Accelya Solutions India Ltd.,"1,777"
PTC India Financial Services Ltd.,"1,773"
Advait Energy Transitions Ltd.,"1,767"
Tasty Bite Eatables Ltd.,"1,759"
Hathway Cable & Datacom Ltd.,"1,758"
Indoco Remedies Ltd.,"1,753"
Apollo Pipes Ltd.,"1,751"
Yasho Industries Ltd.,"1,745"
Hindustan Oil Exploration Company Ltd.,"1,730"
TCC Concept Ltd.,"1,727"
Mold-Tek Packaging Ltd.,"1,718"
Indian Hume Pipe Company Ltd.,"1,717"
Thejo Engineering Ltd.,"1,713"
Hinduja Global Solutions Ltd.,"1,705"
Hindware Home Innovation Ltd.,"1,702"
MSP Steel & Power Ltd.,"1,702"
EMS Ltd.,"1,695"
Sasken Technologies Ltd.,"1,694"
India Nippon Electricals Ltd.,"1,688"
Summit Securities Ltd.,"1,683"
Spandana Sphoorty Financial Ltd.,"1,682"
Stove Kraft Ltd.,"1,680"
Ceinsys Tech Ltd.,"1,670"
Insecticides (India) Ltd.,"1,670"
Aqylon Nexus Ltd.,"1,657"
Cosmo First Ltd.,"1,654"
Seshasayee Paper & Boards Ltd.,"1,652"
GNA Axles Ltd.,"1,650"
NDR Auto Components Ltd.,"1,641"
Yatra Online Ltd.,"1,640"
Kernex Microsystems (India) Ltd.,"1,638"
Satin Creditcare Network Ltd.,"1,637"
Geojit Financial Services Ltd.,"1,628"
Oriental Hotels Ltd.,"1,624"
Godavari Biorefineries Ltd.,"1,623"
Jaykay Enterprises Ltd.,"1,619"
Indosolar Ltd.,"1,602"
India Pesticides Ltd.,"1,594"
BF Utilities Ltd.,"1,593"
Panama Petrochem Ltd.,"1,591"
Sumeet Industries Ltd.,"1,591"
Saksoft Ltd.,"1,589"
Vikran Engineering Ltd.,"1,587"
Mahanagar Telephone Nigam Ltd.,"1,581"
Somany Ceramics Ltd.,"1,578"
Pashupati Cotspin Ltd.,"1,575"
Arman Financial Services Ltd.,"1,571"
Servotech Renewable Power System Ltd.,"1,571"
M & B Engineering Ltd.,"1,565"
Hi-Tech Pipes Ltd.,"1,560"
Silver Touch Technologies Ltd.,"1,557"
Algoquant Fintech Ltd.,"1,556"
Som Distilleries & Breweries Ltd.,"1,547"
Sai Silks (Kalamandir) Ltd.,"1,537"
Dolphin Offshore Enterprises (India) Ltd.,"1,536"
Ramco Systems Ltd.,"1,534"
Rane Holdings Ltd.,"1,521"
Shalby Ltd.,"1,520"
Landmark Cars Ltd.,"1,519"
SBC Exports Ltd.,"1,518"
All Time Plastics Ltd.,"1,516"
Windlas Biotech Ltd.,"1,515"
EPack Prefab Technologies Ltd.,"1,513"
Mahamaya Steel Industries Ltd.,"1,512"
Garuda Construction and Engineering Ltd.,"1,509"
Rishabh Instruments Ltd.,"1,506"
Sportking India Ltd.,"1,506"
Sanstar Ltd.,"1,503"
Amrutanjan Health Care Ltd.,"1,498"
Talbros Automotive Components Ltd.,"1,491"
Rico Auto Industries Ltd.,"1,486"
NIBE Ltd.,"1,463"
Delta Corp Ltd.,"1,460"
Ugro Capital Ltd.,"1,458"
Go Fashion (India) Ltd.,"1,449"
Dollar Industries Ltd.,"1,442"
One Mobikwik Systems Ltd.,"1,438"
D-Link (India) Ltd.,"1,437"
BF Investment Ltd.,"1,425"
Racl Geartech Ltd.,"1,422"
Associated Alcohols & Breweries Ltd.,"1,410"
Solarworld Energy Solutions Ltd.,"1,403"
Jindal Drilling & Industries Ltd.,"1,390"
Indo Tech Transformers Ltd.,"1,379"
SMC Global Securities Ltd.,"1,373"
NGL Fine - Chem Ltd.,"1,372"
Suryoday Small Finance Bank Ltd.,"1,371"
Vidhi Specialty Food Ingredients Ltd.,"1,367"
5Paisa Capital Ltd.,"1,367"
Shanti Gold International Ltd.,"1,361"
Simplex Infrastructures Ltd.,"1,360"
Wendt (India) Ltd.,"1,358"
Nelco Ltd.,"1,357"
Krishna Defence and Allied Industries Ltd.,"1,353"
GTL Infrastructure Ltd.,"1,345"
JNK India Ltd.,"1,344"
Jagran Prakashan Ltd.,"1,339"
InfoBeans Technologies Ltd.,"1,333"
Suraksha Diagnostic Ltd.,"1,329"
Dynamic Cables Ltd.,"1,329"
Laxmi Goldorna House Ltd.,"1,327"
J G Chemicals Ltd.,"1,327"
SPML Infra Ltd.,"1,324"
Omaxe Ltd.,"1,314"
GPT Infraprojects Ltd.,"1,313"
Sanghi Industries Ltd.,"1,312"
Stallion India Fluorochemicals Ltd.,"1,311"
Sula Vineyards Ltd.,"1,311"
Veranda Learning Solutions Ltd.,"1,305"
Aurum Proptech Ltd.,"1,298"
Magellanic Cloud Ltd.,"1,290"
Motisons Jewellers Ltd.,"1,288"
BLS E-Services Ltd.,"1,287"
Asian Energy Services Ltd.,"1,284"
Gandhar Oil Refinery (India) Ltd.,"1,284"
Arfin India Ltd.,"1,284"
Navkar Corporation Ltd.,"1,283"
Southern Petrochemicals Industries Corporation Ltd.,"1,283"
Punjab Chemicals and Crop Protection Ltd.,"1,280"
Dolat Algotech Ltd.,"1,280"
Vindhya Telelinks Ltd.,"1,279"
Fino Payments Bank Ltd.,"1,276"
Astec Lifesciences Ltd.,"1,275"
TIL Ltd.,"1,274"
Jindal Poly Investment & Finance Company Ltd.,"1,273"
Signpost India Ltd.,"1,271"
Asian Hotels (North) Ltd.,"1,257"
Den Networks Ltd.,"1,255"
PNB Gilts Ltd.,"1,253"
Antony Waste Handling Cell Ltd.,"1,253"
ICE Make Refrigeration Ltd.,"1,251"
India Motor Parts & Accessories Ltd.,"1,250"
Exicom Tele-Systems Ltd.,"1,248"
Ind-Swift Laboratories Ltd.,"1,245"
Jyoti Structures Ltd.,"1,241"
Huhtamaki India Ltd.,"1,239"
Confidence Petroleum India Ltd.,"1,237"
Orient Technologies Ltd.,"1,236"
Hester Biosciences Ltd.,"1,223"
Andhra Paper Ltd.,"1,218"
Salasar Techno Engineering Ltd.,"1,218"
Jagsonpal Pharmaceuticals Ltd.,"1,217"
ESAF Small Finance Bank Ltd.,"1,210"
DCW Ltd.,"1,206"
Quadrant Future Tek Ltd.,"1,205"
HMA Agro Industries Ltd.,"1,201"
GOCL Corporation Ltd.,"1,199"
Jindal Photo Ltd.,"1,197"
Lincoln Pharmaceuticals Ltd.,"1,196"
Sakar Healthcare Ltd.,"1,188"
Raj Rayon Industries Ltd.,"1,184"
Everest Kanto Cylinder Ltd.,"1,183"
Shriram Properties Ltd.,"1,180"
TTK Healthcare Ltd.,"1,177"
Apex Frozen Foods Ltd.,"1,176"
Venus Remedies Ltd.,"1,176"
Chaman Lal Setia Exports Ltd.,"1,167"
Atul Auto Ltd.,"1,167"
PNGS Reva Diamond Jewellery Ltd.,"1,165"
Manaksia Coated Metals & Industries Ltd.,"1,160"
Alldigi Tech Ltd.,"1,156"
Precision Camshafts Ltd.,"1,154"
Butterfly Gandhimathi Appliances Ltd.,"1,154"
Kross Ltd.,"1,150"
Bharat Wire Ropes Ltd.,"1,149"
Vidya Wires Ltd.,"1,149"
Tinna Rubber and Infrastructure Ltd.,"1,143"
Beta Drugs Ltd.,"1,142"
I G Petrochemicals Ltd.,"1,142"
One Point One Solutions Ltd.,"1,142"
Dynacons Systems & Solutions Ltd.,"1,140"
Genesys International Corporation Ltd.,"1,139"
Le Merite Exports Ltd.,"1,130"
Expleo Solutions Ltd.,"1,130"
The Hi-Tech Gears Ltd.,"1,127"
B L Kashyap & Sons Ltd.,"1,126"
Platinum Industries Ltd.,"1,124"
Meghmani Organics Ltd.,"1,119"
Unitech Ltd.,"1,117"
Texmaco Infrastructure & Holdings Ltd.,"1,117"
Syncom Formulation (India) Ltd.,"1,116"
AYM Syntex Ltd.,"1,114"
Orient Green Power Company Ltd.,"1,110"
Digitide Solutions Ltd.,"1,107"
Excel Industries Ltd.,"1,098"
AB Infrabuild Ltd.,"1,091"
Capital Small Finance Bank Ltd.,"1,090"
Centrum Capital Ltd.,"1,085"
Alicon Castalloy Ltd.,"1,077"
Jaro Institute of Technology Management and Research Ltd.,"1,075"
IZMO Ltd.,"1,073"
Roto Pumps Ltd.,"1,072"
R M Drip and Sprinklers Systems Ltd.,"1,070"
Paramount Communications Ltd.,"1,066"
Nelcast Ltd.,"1,064"
Reliance Industrial InfraStructure Ltd.,"1,061"
Monte Carlo Fashions Ltd.,"1,060"
Oricon Enterprises Ltd.,"1,055"
IFGL Refractories Ltd.,"1,055"
Balaji Telefilms Ltd.,"1,049"
Solex Energy Ltd.,"1,038"
Renaissance Global Ltd.,"1,031"
Bajaj Healthcare Ltd.,"1,024"
Abans Financial Services Ltd.,"1,023"
Faze Three Ltd.,"1,019"
Unicommerce eSolutions Ltd.,"1,017"
Paushak Ltd.,"1,015"
Walchandnagar Industries Ltd.,"1,015"
GPT Healthcare Ltd.,"1,013"
Himatsingka Seide Ltd.,"1,007"
Vardhman Holdings Ltd.,"1,003"
Rajoo Engineers Ltd.,"1,003"
Control Print Ltd.,"1,002"
Bharat Seats Ltd.,999
Madras Fertilizers Ltd.,996
Gandhi Special Tubes Ltd.,995
Salzer Electronics Ltd.,988
Rupa & Company Ltd.,988
Shree Pushkar Chemicals & Fertilisers Ltd.,988
Tarsons Products Ltd.,987
Gulshan Polyols Ltd.,986
Igarashi Motors India Ltd.,986
Gala Precision Engineering Ltd.,985
Capital India Finance Ltd.,984
Borana Weaves Ltd.,979
Prime Securities Ltd.,975
GRP Ltd.,972
Tembo Global Industries Ltd.,972
Ratnaveer Precision Engineering Ltd.,970
Rajputana Stainless Ltd.,968
Laxmi Dental Ltd.,967
Suraj Estate Developers Ltd.,964
Hariom Pipe Industries Ltd.,958
Diffusion Engineers Ltd.,956
Bhartiya International Ltd.,952
Wealth First Portfolio Managers Ltd.,951
Finkurve Financial Services Ltd.,950
Borosil Scientific Ltd.,949
Updater Services Ltd.,947
Andhra Sugars Ltd.,947
Viceroy Hotels Ltd.,946
Arihant Superstructures Ltd.,945
Yuken India Ltd.,940
Jay Bharat Maruti Ltd.,940
Western Carriers (India) Ltd.,938
Steel Exchange India Ltd.,938
MIRC Electronics Ltd.,937
BirlaNu Ltd.,934
Mamata Machinery Ltd.,932
GKW Ltd.,931
SRM Contractors Ltd.,925
IKIO Technologies Ltd.,922
STL Networks Ltd.,922
Century Enka Ltd.,917
Tamil Nadu Newsprint And Papers Ltd.,914
AVT Natural Products Ltd.,911
DAM Capital Advisors Ltd.,911
Deccan Cements Ltd.,910
Ester Industries Ltd.,906
Dhanlaxmi Bank Ltd.,905
Crest Ventures Ltd.,905
SEPC Ltd.,900
United Foodbrands Ltd.,900
Creative Newtech Ltd.,898
Sastasundar Ventures Ltd.,896
Shree Digvijay Cement Company Ltd.,892
AB Cotspin India Ltd.,892
Excelsoft Technologies Ltd.,892
Royal Orchid Hotels Ltd.,891
Hexa Tradex Ltd.,889
Matrimony.com Ltd.,886
Hardwyn India Ltd.,885
Gem Aromatics Ltd.,883
Eimco Elecon (India) Ltd.,883
Tribhovandas Bhimji Zaveri Ltd.,875
Wanbury Ltd.,873
Rama Steel Tubes Ltd.,872
Avadh Sugar & Energy Ltd.,872
Kapston Services Ltd.,866
Systematix Corporate Services Ltd.,858
Macpower CNC Machines Ltd.,858
Swelect Energy Systems Ltd.,852
Arisinfra Solutions Ltd.,851
Master Trust Ltd.,847
Aeroflex Enterprises Ltd.,846
Kellton Tech Solutions Ltd.,845
NIIT Ltd.,843
SKM Egg Products Export (India) Ltd.,841
Stanley Lifestyles Ltd.,841
Zuari Agro Chemicals Ltd.,839
Bombay Super Hybrid Seeds Ltd.,839
IRM Energy Ltd.,837
Maan Aluminium Ltd.,837
JITF Infralogistics Ltd.,835
STEL Holdings Ltd.,834
Oriental Aromatics Ltd.,833
Indo Rama Synthetics (India) Ltd.,833
Amines & Plasticizers Ltd.,830
Advent Hotels International Ltd.,824
Dharmaj Crop Guard Ltd.,824
Om Infra Ltd.,822
Gujarat Kidney and Super Speciality Ltd.,822
Dhampur Sugar Mills Ltd.,820
BCL Industries Ltd.,816
Uttam Sugar Mills Ltd.,808
Quick Heal Technologies Ltd.,806
New Delhi Television Ltd.,803
Eldeco Housing & Industries Ltd.,802
Kokuyo Camlin Ltd.,798
Manali Petrochemicals Ltd.,796
Electrotherm (India) Ltd.,796
Suyog Telematics Ltd.,793
Allcargo Logistics Ltd.,792
MIC Electronics Ltd.,790
Indo Borax & Chemicals Ltd.,787
Krystal Integrated Services Ltd.,787
NCL Industries Ltd.,785
Mangalam Worldwide Ltd.,784
India Power Corporation Ltd.,780
GIC Housing Finance Ltd.,778
Synergy Green Industries Ltd.,777
VLS Finance Ltd.,768
DCM Shriram International Ltd.,768
Anuh Pharma Ltd.,761
Prostarm Info Systems Ltd.,760
Sree Rayalaseema Hi-Strength Hypo Ltd.,759
Dhunseri Ventures Ltd.,758
Max India Ltd.,756
Tamilnadu Petroproducts Ltd.,752
Indef Manufacturing Ltd.,751
Krishival Foods Ltd.,751
Arihant Capital Markets Ltd.,751
R&B Denims Ltd.,750
Munjal Auto Industries Ltd.,750
Scoda Tubes Ltd.,749
Kabra Extrusion Technik Ltd.,748
Regaal Resources Ltd.,745
Vascon Engineers Ltd.,740
Nahar Spinning Mills Ltd.,739
Gretex Corporate Services Ltd.,738
Sigachi Industries Ltd.,738
TVS Electronics Ltd.,737
Sudarshan Colorants India Ltd.,731
Ambika Cotton Mills Ltd.,730
Innovana Thinklabs Ltd.,727
GHCL Textiles Ltd.,723
Dwarikesh Sugar Industries Ltd.,723
Consolidated Finvest & Holdings Ltd.,718
Valiant Organics Ltd.,717
Bodal Chemicals Ltd.,717
Bigbloc Construction Ltd.,716
IFB Agro Industries Ltd.,715
Manoj Vaibhav Gems N Jewellers Ltd.,713
Kuantum Papers Ltd.,709
Heranba Industries Ltd.,707
N R Agarwal Industries Ltd.,706
Sandesh Ltd.,701
Themis Medicare Ltd.,700
BEML Land Assets Ltd.,696
Sarla Performance Fibers Ltd.,696
Zuari Industries Ltd.,694
Bluspring Enterprises Ltd.,694
Ecos (India) Mobility & Hospitality Ltd.,692
Ganesh Consumer Products Ltd.,691
Prozone Realty Ltd.,687
Pudumjee Paper Products Ltd.,686
Radhika Jeweltech Ltd.,686
Ruby Mills Ltd.,683
Fairchem Organics Ltd.,682
Ksolves India Ltd.,672
Consolidated Construction Consortium Ltd.,669
Saurashtra Cements Ltd.,665
Menon Bearings Ltd.,664
Automotive Stampings and Assemblies Ltd.,664
Uniphos Enterprises Ltd.,661
State Trading Corporation Of India Ltd.,660
GTPL Hathway Ltd.,660
PVP Ventures Ltd.,659
Sterling Tools Ltd.,656
Mallcom (India) Ltd.,656
Denta Water and Infra Solutions Ltd.,654
Indo Amines Ltd.,653
Dhampur Bio Organics Ltd.,652
Fabtech Technologies Ltd.,652
Aditya Birla Money Ltd.,648
Premier Polyfilm Ltd.,648
Mangal Electrical Industries Ltd.,646
Kothari Petrochemicals Ltd.,645
Mukka Proteins Ltd.,644
RSWM Ltd.,637
Xchanging Solutions Ltd.,633
Advance Agrolife Ltd.,631
Vakrangee Ltd.,630
Bhageria Industries Ltd.,628
Shree Vasu Logistics Ltd.,626
United Polyfab Gujarat Ltd.,625
Popular Vehicles and Services Ltd.,623
Magadh Sugar & Energy Ltd.,623
Tirupati Forge Ltd.,619
Agarwal Industrial Corporation Ltd.,618
Shree Rama Multi-Tech Ltd.,617
TV Today Network Ltd.,615
Commercial Syn Bags Ltd.,614
Modis Navnirman Ltd.,613
Indo Farm Equipment Ltd.,610
Linc Ltd.,605
Anlon Healthcare Ltd.,604
Allcargo Terminals Ltd.,604
Gujarat Apollo Industries Ltd.,602
Satia Industries Ltd.,601
Precot Ltd.,599
Kamdhenu Ltd.,597
Transindia Real Estate Ltd.,597
Nahar Poly Films Ltd.,596
Jaiprakash Associates Ltd.,594
Arrow Greentech Ltd.,592
Elin Electronics Ltd.,590
Allied Digital Services Ltd.,587
Snowman Logistics Ltd.,585
Manba Finance Ltd.,585
South West Pinnacle Exploration Ltd.,582
Emkay Global Financial Services Ltd.,581
Concord Enviro Systems Ltd.,581
Gloster Ltd.,580
Kopran Ltd.,577
Gaudium IVF And Women Health Ltd.,576
Cheviot Company Ltd.,575
Euro India Fresh Foods Ltd.,575
Oswal Agro Mills Ltd.,571
Mindteck (India) Ltd.,570
Hindustan Composites Ltd.,569
Sejal Glass Ltd.,567
IRIS Clothings Ltd.,566
Patel Retail Ltd.,566
CSL Finance Ltd.,564
Take Solutions Ltd.,564
Likhitha Infrastructure Ltd.,562
Kilitch Drugs(I) Ltd.,559
Davangere Sugar Company Ltd.,558
Ritco Logistics Ltd.,558
Kirloskar Electric Company Ltd.,555
Pyramid Technoplast Ltd.,554
MMP Industries Ltd.,549
DMCC Speciality Chemicals Ltd.,547
Ganesh Benzoplast Ltd.,547
Chemcon Speciality Chemicals Ltd.,547
Onward Technologies Ltd.,546
Nintec Systems Ltd.,543
GeeCee Ventures Ltd.,540
Kamat Hotels (India) Ltd.,537
20 Microns Ltd.,536
Repro India Ltd.,535
SAL Steel Ltd.,529
W S Industries (India) Ltd.,526
S Chand & Company Ltd.,525
OnMobile Global Ltd.,522
Everest Industries Ltd.,520
Chemfab Alkalis Ltd.,519
Sical Logistics Ltd.,519
The Investment Trust of India Ltd.,518
Peninsula Land Ltd.,518
Global Education Ltd.,513
Panache Digilife Ltd.,512
Pansari Developers Ltd.,512
BMW Ventures Ltd.,511
Coffee Day Enterprises Ltd.,510
Jayant Agro Organics Ltd.,510
NBI Industrial Finance Company Ltd.,510
Globe International Carriers Ltd.,509
Nila Spaces Ltd.,508
Best Agrolife Ltd.,508
Universus Photo Imagings Ltd.,508
Urja Global Ltd.,508
Sukhjit Starch & Chemicals Ltd.,507
Entertainment Network (India) Ltd.,506
Visaka Industries Ltd.,503
PTL Enterprises Ltd.,503
Essar Shipping Ltd.,502
Andhra Cements Ltd.,500
Dhunseri Investments Ltd.,499
Shree Rama Newsprint Ltd.,495
Credo Brands Marketing Ltd.,493
Khaitan Chemicals & Fertilizers Ltd.,489
GFL Ltd.,489
IRIS RegTech Solutions Ltd.,487
HT Media Ltd.,485
Sutlej Textiles & Industries Ltd.,484
Munjal Showa Ltd.,484
Advani Hotels & Resorts (India) Ltd.,481
TPL Plastech Ltd.,481
Vishnu Prakash R Punglia Ltd.,476
HLV Ltd.,469
Hindustan Media Ventures Ltd.,469
Zee Media Corporation Ltd.,468
Bhagyanagar India Ltd.,468
Rushil Decor Ltd.,467
Orient Ceratech Ltd.,467
DIC India Ltd.,465
Welspun Investments & Commercials Ltd.,464
Speciality Restaurants Ltd.,462
Subex Ltd.,461
Aptech Ltd.,461
Prakash Pipes Ltd.,460
RBZ Jewellers Ltd.,460
Suraj Ltd.,455
Singer India Ltd.,451
Suratwwala Business Group Ltd.,450
Focus Lighting and Fixtures Ltd.,449
Tara Chand InfraLogistic Solutions Ltd.,449
OCCL Ltd.,449
International Conveyors Ltd.,447
Donear Industries Ltd.,447
KN Agri Resources Ltd.,444
Primo Chemicals Ltd.,442
Kanpur Plastipack Ltd.,441
Aries Agro Ltd.,439
R K Swamy Ltd.,439
Sreeleathers Ltd.,438
Kaya Ltd.,436
Ugar Sugar Works Ltd.,436
Moneyboxx Finance Ltd.,434
Sadhana Nitro Chem Ltd.,433
SIL Investments Ltd.,432
Gokul Refoils & Solvent Ltd.,432
Artemis Electricals and Projects Ltd.,429
Liberty Shoes Ltd.,429
Mirza International Ltd.,428
Laxmi India Finance Ltd.,427
Shiv Aum Steels Ltd.,424
Shah Metacorp Ltd.,424
Sigma Solve Ltd.,423
Dish TV India Ltd.,420
Tera Software Ltd.,418
GVK Power & Infrastructure Ltd.,417
Emami Paper Mills Ltd.,417
Kronox Lab Sciences Ltd.,416
S & S Power Switchgear Ltd.,413
Orient Bell Ltd.,410
Lokesh Machines Ltd.,406
Glottis Ltd.,404
Pasupati Acrylon Ltd.,403
Rama Phosphates Ltd.,402
DiGiSPICE Technologies Ltd.,402
Orbit Exports Ltd.,402
DC Infotech and Communication Ltd.,402
Modison Ltd.,401
SRG Housing Finance Ltd.,401
Tolins Tyres Ltd.,394
Birla Cable Ltd.,394
Foods & Inns Ltd.,393
HCL Infosystems Ltd.,393
Kriti Industries (India) Ltd.,393
Nahar Industrial Enterprises Ltd.,392
NDL Ventures Ltd.,389
Modi Naturals Ltd.,389
Banswara Syntex Ltd.,388
Sarveshwar Foods Ltd.,388
De Nora India Ltd.,387
Visa Steel Ltd.,387
Trejhara Solutions Ltd.,387
Shalimar Paints Ltd.,385
Sinclairs Hotels Ltd.,384
Shivalik Rasayan Ltd.,384
Albert David Ltd.,383
Kothari Products Ltd.,383
Haleos Labs Ltd.,381
Radiant Cash Management Services Ltd.,381
Twamev Construction and Infrastructure Ltd.,380
Kotyark Industries Ltd.,380
Zodiac Energy Ltd.,380
Dreamfolks Services Ltd.,379
Pakka Ltd.,379
Thomas Scott (India) Ltd.,377
Manomay Tex India Ltd.,376
Nahar Capital & Financial Services Ltd.,374
Vraj Iron & Steel Ltd.,370
McLeod Russel (India) Ltd.,369
SoftTech Engineers Ltd.,368
Akme Fintrade (India) Ltd.,367
Euro Panel Products Ltd.,364
Indogulf Cropsciences Ltd.,363
Medicamen Biotech Ltd.,361
Zim Laboratories Ltd.,358
Bella Casa Fashion & Retail Ltd.,358
Bedmutha Industries Ltd.,358
Avonmore Capital & Management Services Ltd.,358
Mazda Ltd.,357
Vardhman Polytex Ltd.,353
Vinyl Chemicals (I) Ltd.,353
Mold-Tek Technologies Ltd.,353
Manaksia Steels Ltd.,352
Nupur Recyclers Ltd.,352
Highway Infrastructure Ltd.,348
Plastiblends India Ltd.,348
Cybertech Systems & Software Ltd.,347
Chembond Chemicals Ltd.,347
B&B Triplewall Containers Ltd.,347
Tracxn Technologies Ltd.,346
Dev Accelerator Ltd.,345
Mangalam Global Enterprise Ltd.,343
Orient Paper & Industries Ltd.,343
Mangalam Organics Ltd.,343
RPP Infra Projects Ltd.,342
Lords Chloro Alkali Ltd.,342
Anjani Portland Cement Ltd.,342
Markolines Pavement Technologies Ltd.,340
Axita Cotton Ltd.,339
Rubfila International Ltd.,337
Manaksia Ltd.,334
MBL Infrastructure Ltd.,331
Nandan Denim Ltd.,330
Muthoot Capital Services Ltd.,327
Kriti Nutrients Ltd.,323
Harrisons Malayalam Ltd.,323
Mahindra EPC Irrigation Ltd.,322
Sheetal Cool Products Ltd.,320
United Drilling Tools Ltd.,320
Deepak Builders & Engineers India Ltd.,318
Halder Venture Ltd.,317
Ginni Filaments Ltd.,317
Valiant Laboratories Ltd.,316
Medico Remedies Ltd.,314
Soma Textiles & Industries Ltd.,314
Mawana Sugars Ltd.,312
Inspirisys Solutions Ltd.,309
Career Point Edutech Ltd.,308
IL&FS Engineering & Construction Company Ltd.,308
Exxaro Tiles Ltd.,305
DCM Shriram Industries Ltd.,305
Varvee Global Ltd.,304
Remsons Industries Ltd.,303
Ruchira Papers Ltd.,303
Atlantaa Ltd,303
Industrial Investment Trust Ltd.,301
Robust Hotels Ltd.,299
Coastal Corporation Ltd.,298
Aarti Surfactants Ltd.,296
Brand Concepts Ltd.,296
Transworld Shipping Lines Ltd.,296
Parsvnath Developers Ltd.,296
Shankar Lal Rampal Dye-Chem Ltd.,295
Aaron Industries Ltd.,293
Cineline India Ltd.,293
Genus Paper & Boards Ltd.,291
HP Adhesives Ltd.,289
Atal Realtech Ltd.,289
Bafna Pharmaceuticals Ltd.,289
A2Z Infra Engineering Ltd.,285
PPAP Automotive Ltd.,284
Apollo Sindoori Hotels Ltd.,284
Goa Carbon Ltd.,284
Nila Infrastructures Ltd.,282
Megastar Foods Ltd.,282
Kanoria Chemicals & Industries Ltd.,281
3i Infotech Ltd.,280
Dynemic Products Ltd.,277
Modi Rubber Ltd.,276
DJ Mediaprint & Logistics Ltd.,275
Tiger Logistics (India) Ltd.,272
Ashima Ltd.,271
KCP Sugar & Industries Corporation Ltd.,269
Nath Bio-Genes (India) Ltd.,268
Shankara Building Products Ltd.,268
Shradha Realty Ltd.,267
Spencers Retail Ltd.,266
Vardhman Acrylics Ltd.,265
Shemaroo Entertainment Ltd.,264
AVG Logistics Ltd.,263
Asian Hotels (East) Ltd.,263
Sahyadri Industries Ltd.,263
Kesoram Industries Ltd.,261
Autoline Industries Ltd.,260
Emami Realty Ltd.,259
The United Nilgiri Tea Estates Company Ltd.,258
Naga Dhunseri Group Ltd.,257
TRF Ltd.,256
Globe Civil Projects Ltd.,256
Bartronics India Ltd.,255
Pavna Industries Ltd.,254
The Peria Karamalai Tea & Produce Company Ltd.,254
Nectar Lifesciences Ltd.,253
U Y Fincorp Ltd.,253
Reliance Communications Ltd.,252
Starteck Finance Ltd.,251
CL Educate Ltd.,251
Jay Shree Tea & Industries Ltd.,250
Global Surfaces Ltd.,249
Generic Engineering Construction and Projects Ltd.,249
FCS Software Solutions Ltd.,248
Delphi World Money Ltd.,247
UFO Moviez India Ltd.,246
Almondz Global Securities Ltd.,245
Asahi Songwon Colors Ltd.,244
Nureca Ltd.,244
Vikas Lifecare Ltd.,243
Team India Guaranty Ltd.,242
Om Freight Forwarders Ltd.,242
T T Ltd.,240
Nagarjuna Fertilizers and Chemicals Ltd.,240
Surana Telecom and Power Ltd.,237
BPL Ltd.,236
Sakuma Exports Ltd.,234
KM Sugar Mills Ltd.,233
Nova Agritech Ltd.,232
Poddar Pigments Ltd.,232
Ponni Sugars (Erode) Ltd.,231
Saraswati Saree Depot Ltd.,230
Global Vectra Helicorp Ltd.,230
Hitech Corporation Ltd.,229
Univastu India Ltd.,229
Indo National Ltd.,226
Spacenet Enterprises India Ltd.,225
D P Wires Ltd.,224
Lotus Eye Hospital and Institute Ltd.,222
Sonam Ltd.,221
Sundaram Brake Lining Ltd.,220
Vibhor Steel Tubes Ltd.,220
Geekay Wires Ltd.,219
IL&FS Investment Managers Ltd.,219
Sumit Woods Ltd.,219
Nitiraj Engineers Ltd.,218
Sintercom India Ltd.,218
Oil Country Tubular Ltd.,218
Shivam Autotech Ltd.,217
Ravinder Heights Ltd.,216
UCAL Ltd.,216
Diamines & Chemicals Ltd.,216
Indo US Bio-Tech Ltd.,215
Setco Automotive Ltd.,214
Omax Autos Ltd.,214
DCM Nouvelle Ltd.,212
Country Club Hospitality & Holidays Ltd.,211
Alankit Ltd.,210
Star Paper Mills Ltd.,208
Worth Peripherals Ltd.,206
Shreyans Industries Ltd.,206
Kalyani Forge Ltd.,206
Shree Tirupati Balajee Agro Trading Company Ltd.,206
VMS TMT Ltd.,205
Sikko Industries Ltd.,205
AION-TECH Solutions Ltd.,205
Silgo Retail Ltd.,205
Power and Instrumentation (Gujarat) Ltd.,204
Intense Technologies Ltd.,204
Supreme Holdings & Hospitality (India) Ltd.,203
Shree Ram Twistex Ltd.,202
Pritika Auto Industries Ltd.,199
Cords Cable Industries Ltd.,198
Lyka Labs Ltd.,198
Jinkushal Industries Ltd.,197
Revathi Equipment India Ltd.,196
Kothari Sugars & Chemicals Ltd.,196
DRC Systems India Ltd.,195
DCM Shriram Fine Chemicals Ltd.,195
Aarey Drugs & Pharmaceuticals Ltd.,194
Raj Television Network Ltd.,194
Elgi Rubber Company Ltd.,194
Aarvi Encon Ltd.,192
Airan Ltd.,190
Zodiac Clothing Company Ltd.,187
Equippp Social Impact Technologies Ltd.,186
Virinchi Ltd.,185
M K Proteins Ltd.,185
Jullundur Motor Agency (Delhi) Ltd.,185
Veto Switchgears & Cables Ltd.,183
Music Broadcast Ltd.,182
Shiva Texyarn Ltd.,180
Pil Italica Lifestyle Ltd.,180
Murudeshwar Ceramics Ltd.,180
Rana Sugars Ltd.,179
Race Eco Chain Ltd.,179
Rossell India Ltd.,177
Vaswani Industries Ltd.,177
Chembond Material Technologies Ltd.,176
Vikas Ecotech Ltd.,176
Tainwala Chemicals & Plastics (India) Ltd.,176
The Byke Hospitality Ltd.,175
Aeroflex Neu Ltd.,175
Sakthi Sugars Ltd.,175
Gillanders Arbuthnot & Company Ltd.,173
Mahalaxmi Rubtech Ltd.,172
Zee Learn Ltd.,171
Madhav Copper Ltd.,170
Avro India Ltd.,170
Supreme Infrastructure India Ltd.,170
Khadim India Ltd.,169
Manaksia Aluminium Company Ltd.,169
Maral Overseas Ltd.,168
Baid Finserv Ltd.,168
Affordable Robotic & Automation Ltd.,166
Rudra Global Infra Products Ltd.,166
Aspinwall and Company Ltd.,165
Brooks Laboratories Ltd.,162
Bharat Road Network Ltd.,161
Dev Information Technology Ltd.,160
AMJ Land Holdings Ltd.,160
Superhouse Ltd.,160
Bannari Amman Spinning Mills Ltd.,160
VIP Clothing Ltd.,159
Arvee Laboratories (India) Ltd.,158
Kritika Wires Ltd.,157
Vipul Ltd.,157
CP Capital Ltd.,156
Niraj Cement Structurals Ltd.,156
Emmbi Industries Ltd.,154
Century Extrusions Ltd.,154
Incredible Industries Ltd.,153
Natural Capsules Ltd.,153
Umiya Buildcon Ltd.,153
Modern Threads (India) Ltd.,152
Trigyn Technologies Ltd.,151
Lancor Holdings Ltd.,151
Bharat Gears Ltd.,150
Filatex Fashions Ltd.,150
Plaza Wires Ltd.,149
Keynote Financial Services Ltd.,149
Aartech Solonics Ltd.,148
GP Petroleums Ltd.,147
Indian Terrain Fashions Ltd.,146
Indowind Energy Ltd.,145
Excel Realty N Infra Ltd.,145
AksharChem (India) Ltd.,145
Uravi Defence and Technology Ltd.,142
Sampann Utpadan India Ltd.,141
Xelpmoc Design and Tech Ltd.,141
Indbank Merchant Banking Services Ltd.,141
Ishan Dyes and Chemicals Ltd.,140
Salona Cotspin Ltd.,140
Tarmat Ltd.,140
Archidply Industries Ltd.,139
IVP Ltd.,138
Norben Tea & Exports Ltd.,138
Crown Lifters Ltd.,138
Tips Films Ltd.,138
Prajay Engineers Syndicate Ltd.,137
GVP Infotech Ltd.,137
Dhunseri Tea & Industries Ltd.,137
Digicontent Ltd.,136
Integra Essentia Ltd.,136
Ausom Enterprise Ltd.,135
Airo Lam Ltd.,134
Kamdhenu Ventures Ltd.,132
North Eastern Carrying Corporation Ltd.,132
Rudrabhishek Enterprises Ltd.,131
Signet Industries Ltd.,129
Alpa Laboratories Ltd.,129
Cubex Tubings Ltd.,129
Hindprakash Industries Ltd.,128
Maheshwari Logistics Ltd.,128
Coral India Finance and Housing Ltd.,128
Udayshivakumar Infra Ltd.,127
Lorenzini Apparels Ltd.,127
Sadbhav Engineering Ltd.,127
Kavveri Defence & Wireless Technologies Ltd.,126
BSL Ltd.,126
Reliable Data Services Ltd.,126
The Western India Plywood Ltd.,125
Magnum Ventures Ltd.,125
Steel City Securities Ltd.,123
VL E-Governance & IT Solutions Ltd.,123
Bodhi Tree Multimedia Ltd.,122
AAA Technologies Ltd.,121
Texmo Pipes & Products Ltd.,121
Narmada Agrobase Ltd.,121
Ruchi Infrastructure Ltd.,120
Alphageo (India) Ltd.,120
Somi Conveyor Beltings Ltd.,119
Smartlink Holdings Ltd.,119
Orissa Bengal Carrier Ltd.,118
Praxis Home Retail Ltd.,118
Weizmann Ltd.,118
Rajshree Polypack Ltd.,117
HEC Infra Projects Ltd.,116
SecMark Consultancy Ltd.,116
Shah Alloys Ltd.,115
Regency Ceramics Ltd.,115
DCM Ltd.,114
Latteys Industries Ltd.,114
Lagnam Spintex Ltd.,114
Ganges Securities Ltd.,113
Shreeoswal Seeds and Chemicals Ltd.,112
The Indian Card Clothing Company Ltd.,111
Anik Industries Ltd.,111
Surana Solar Ltd.,111
Bhandari Hosiery Exports Ltd.,111
Globe Enterprises (India) Ltd.,109
Bal Pharma Ltd.,109
Vishwaraj Sugar Industries Ltd.,109
Aarnav Fashions Ltd.,109
Intrasoft Technologies Ltd.,109
Sambhaav Media Ltd.,109
The Grob Tea Company Ltd.,108
Par Drugs & Chemicals Ltd.,108
Inventure Growth & Securities Ltd.,106
Compucom Software Ltd.,105
Fiberweb (India) Ltd.,104
Krebs Biochemicals & Industries Ltd.,103
GTL Ltd.,102
Suryalakshmi Cotton Mills Ltd.,101
Lambodhara Textiles Ltd.,100
Balaxi Pharmaceuticals Ltd.,100
Navkar Urbanstructure Ltd.,99
Zenith Exports Ltd.,98
Rajnandini Metal Ltd.,98
Jocil Ltd.,98
Lovable Lingerie Ltd.,98
Hindcon Chemicals Ltd.,97
Mukta Arts Ltd.,97
Loyal Textiles Mills Ltd.,96
Shyam Century Ferrous Ltd.,96
Ducon Infratechnologies Ltd.,95
SEL Manufacturing Company Ltd.,94
Sadbhav Infrastructure Project Ltd.,93
Rajshree Sugars & Chemicals Ltd.,93
Vital Chemtech Ltd.,93
Beardsell Ltd.,93
Aakash Exploration Services Ltd.,92
Sarthak Metals Ltd.,92
MITCON Consultancy & Engineering Services Ltd.,91
DB (International) Stock Brokers Ltd.,90
Standard Industries Ltd.,90
RKEC Projects Ltd.,90
BLB Ltd.,89
Osia Hyper Retail Ltd.,88
BAG Films & Media Ltd.,88
Palash Securities Ltd.,88
Moksh Ornaments Ltd.,88
Cinevista Ltd.,88
Semac Construction Ltd.,87
ART Nirman Ltd.,87
Goyal Aluminiums Ltd.,86
Maha Rashtra Apex Corporation Ltd.,85
Reliance Chemotex Industries Ltd.,85
LCC Infotech Ltd.,84
Kohinoor Foods Ltd.,84
Total Transport Systems Ltd.,84
Touchwood Entertainment Ltd.,83
Jet Freight Logistics Ltd.,83
Barak Valley Cements Ltd.,82
Hilton Metal Forging Ltd.,82
Motor & General Finance Ltd.,80
Landmark Property Development Company Ltd.,80
Vaishali Pharma Ltd.,79
Digjam Ltd.,79
Digidrive Distributors Ltd.,78
Dharan Infra-Epc Ltd.,78
Paras Petrofils Ltd.,78
SPL Industries Ltd.,78
Kakatiya Cement Sugar & Industries Ltd.,78
Aksh Optifibre Ltd.,77
Hisar Metal Industries Ltd.,77
Pioneer Embroideries Ltd.,76
Ajooni Biotech Ltd.,76
TruCap Finance Ltd.,75
Uma Exports Ltd.,73
Securekloud Technologies Ltd.,73
AMD Industries Ltd.,73
Prakash Steelage Ltd.,73
RS Software (India) Ltd.,73
Banaras Beads Ltd.,72
Zenith Steel Pipes & Industries Ltd.,72
Transwarranty Finance Ltd.,72
Odigma Consultancy Solutions Ltd.,71
Tokyo Plast International Ltd.,71
Energy Development Company Ltd.,71
IL&FS Transportation Networks Ltd.,71
NRB Industrial Bearings Ltd.,70
Orchasp Ltd.,69
Nagreeka Exports Ltd.,69
Atam Valves Ltd.,69
JHS Svendgaard Laboratories Ltd.,68
Patel Integrated Logistics Ltd.,68
KSR Footwear Ltd.,66
Raj Oil Mills Ltd.,66
Agro Phos India Ltd.,66
Nandani Creation Ltd.,66
Noida Toll Bridge Company Ltd.,65
Lexus Granito (India) Ltd.,63
Agri-Tech (India) Ltd.,62
Delta Manufacturing Ltd.,61
Orient Press Ltd.,60
Anmol India Ltd.,60
Accuracy Shipping Ltd.,59
Suvidhaa Infoserve Ltd.,59
HandsOn Global Management (HGM) Ltd.,59
Bonlon Industries Ltd.,59
3P Land Holdings Ltd.,58
Sundaram Multi Pap Ltd.,58
Alkali Metals Ltd.,58
ICDS Ltd.,57
Vineet Laboratories Ltd.,57
Dhruv Consultancy Services Ltd.,56
Onelife Capital Advisors Ltd.,56
Damodar Industries Ltd.,56
Atlas Cycles (Haryana) Ltd.,55
Vivimed Labs Ltd.,54
Banka Bioloo Ltd.,54
Malu Paper Mills Ltd.,53
Teamo Productions HQ Ltd.,53
Ansal Properties & Infrastructure Ltd.,53
Priti International Ltd.,52
GACM Technologies Ltd.,52
Cerebra Integrated Technologies Ltd.,52
Balkrishna Paper Mills Ltd.,51
Ahlada Engineers Ltd.,51
Tarapur Transformers Ltd.,51
Vinny Overseas Ltd.,50
Gayatri Highways Ltd.,50
Golden Tobacco Ltd.,49
Adroit Infotech Ltd.,49
Cambridge Technology Enterprises Ltd.,49
Aki India Ltd.,48
Biofil Chemicals & Pharmaceuticals Ltd.,48
Future Market Networks Ltd.,48
Bang Overseas Ltd.,47
Shiva Mills Ltd.,47
Mangalam Drugs and Organics Ltd.,47
Archies Ltd.,47
Hybrid Financial Services Ltd.,46
Mittal Life Style Ltd.,45
Khaitan (India) Ltd.,45
Ravi Kumar Distilleries Ltd.,45
Karma Energy Ltd.,45
Auri Grow India Ltd.,44
Celebrity Fashions Ltd.,44
Nakoda Group Of Industries Ltd.,44
Sanginita Chemicals Ltd.,43
We Win Ltd.,43
ABM International Ltd.,43
Dangee Dums Ltd.,42
Mask Investments Ltd.,41
Viji Finance Ltd.,41
Shekhawati Industries Ltd.,41
Tamilnadu Telecommunications Ltd.,41
Sagardeep Alloys Ltd.,41
Akash Infra-Projects Ltd.,41
Ambica Agarbathies & Aroma Industries Ltd.,41
Manugraph India Ltd.,40
Capital Trust Ltd.,40
N K Industries Ltd.,40
Diligent Media Corporation Ltd.,39
Oriental Trimex Ltd.,39
Ganga Forging Ltd.,38
Lakshmi Finance & Industrial Corporation Ltd.,38
Bohra Industries Ltd.,38
Prudential Sugar Corporation Ltd.,38
Archidply Decor Ltd.,38
Lasa Supergenerics Ltd.,37
Tree House Education & Accessories Ltd.,37
AGS Transact Technologies Ltd.,37
Ashoka Metcast Ltd.,36
Kshitij Polyline Ltd.,36
Palred Technologies Ltd.,36
Aro Granite Industries Ltd.,36
Next Mediaworks Ltd.,36
Blue Coast Hotels Ltd.,35
HB Stockholdings Ltd.,35
Twentyfirst Century Management Services Ltd.,35
AKG Exim Ltd.,34
California Software Company Ltd.,34
Mohit Industries Ltd.,33
Country Condo's Ltd.,33
SVP Global Textiles Ltd.,33
Akshar Spintex Ltd.,32
Rollatainers Ltd.,32
Madhucon Projects Ltd.,32
Madhav Marbles & Granites Ltd.,31
Pritish Nandy Communications Ltd.,31
Simbhaoli Sugars Ltd.,31
Supreme Engineering Ltd.,30
STL Global Ltd.,30
DSJ Keep Learning Ltd.,29
Nagreeka Capital & Infrastructure Ltd.,29
SITI Networks Ltd.,29
GSS Infotech Ltd.,29
Future Lifestyle Fashions Ltd.,28
Pearl Polymers Ltd.,28
Williamson Magor & Company Ltd.,28
Kaushalya Infrastructure Development Corpn.Ltd.,28
Seya Industries Ltd.,27
Kanani Industries Ltd.,27
Libas Consumer Products Ltd.,26
Vaxtex Cotfab Ltd.,26
TGB Banquets and Hotels Ltd.,26
Infomedia Press Ltd.,25
Khandwala Securities Ltd.,25
Cyber Media (India) Ltd.,25
Super Spinning Mills Ltd.,24
Mahalaxmi Fabric Mills Ltd.,24
TECIL Chemicals & Hydro Power Ltd.,24
Kridhan Infra Ltd.,23
Laxmi Cotspin Ltd.,23
G-Tec Jainx Education Ltd.,21
Ankit Metal & Power Ltd.,21
Flexituff Ventures International Ltd.,21
Sri Havisha Hospitality and Infrastructure Ltd.,21
Morarjee Textiles Ltd.,21
Silly Monks Entertainment Ltd.,21
TV Vision Ltd.,20
Gujarat Raffia Industries Ltd.,19
BIL Vyapar Ltd.,19
Sanwaria Consumer Ltd.,18
Future Enterprises Ltd.,18
Astron Paper & Board Mill Ltd.,18
TCI Finance Ltd.,18
Ace Integrated Solutions Ltd.,17
MEP Infrastructure Developers Ltd.,17
Visagar Polytex Ltd.,17
Usha Martin Education & Solutions Ltd.,17
JHS Svendgaard Retail Ventures Ltd.,16
Radaan Mediaworks (I) Ltd.,16
Heads UP Ventures Ltd.,15
DCM Financial Services Ltd.,15
Lypsa Gems & Jewellery Ltd.,15
Creative Eye Ltd.,14
Impex Ferro Tech Ltd.,13
Tijaria Polypipes Ltd.,13
Uniinfo Telecom Services Ltd.,13
Ortin Global Ltd.,13
Antarctica Ltd.,13
Winsome Yarns Ltd.,12
Rajdarshan Industries Ltd.,12
Gujarat Lease Financing Ltd.,12
Niraj Ispat Industries Ltd.,12
SAB Events & Governance Now Media Ltd.,12
Eurotex Industries & Exports Ltd.,12
Globale Tessile Ltd.,11
Shyam Telecom Ltd.,10
MT Educare Ltd.,10
Compuage Infocom Ltd.,10
Premier Ltd.,9
Omkar Speciality Chemicals Ltd.,8
Shanti Overseas (India) Ltd.,7
Ortel Communications Ltd.,6
Lakshmi Precision Screws Ltd.,5
Setubandhan Infrastructure Ltd.,5
Cura Technologies Ltd.,4
Sanco Industries Ltd.,3